职位,公司,地址,薪酬,标签
JAVA工程师,南京蓝源硕贸易有限公司,南京-栖霞区,6-8千/月,"[[['带薪年假'], ['五险一金'], ['绩效奖金'], ['加班补贴'], ['专业培训'], ['节日福利'], ['餐饮补贴'], ['通讯补贴']], ['南京-栖霞区', '2年经验', '本科', '招2人', '09-03发布']]"
Java开发工程师,深圳银狐游戏网络有限公司,深圳-南山区,0.8-1.3万/月,"[[['五险一金'], ['员工旅游'], ['年终奖金'], ['绩效奖金'], ['弹性工作']], ['深圳-南山区', '无工作经验', '大专', '招1人', '09-03发布']]"
Java开发工程师（南宁）,北京清大科越股份有限公司,南宁,4-6千/月,"[[['五险一金'], ['餐饮补贴'], ['定期体检'], ['通讯补贴'], ['员工旅游'], ['交通补贴'], ['年终奖金']], ['南宁', '1年经验', '本科', '招2人', '09-03发布']]"
Java工程师,四川深蓝果实科技有限公司,成都-高新区,0.8-1万/月,"[[['节日福利'], ['带薪年假'], ['年终奖金'], ['绩效奖金']], ['成都-高新区', '2年经验', '大专', '招3人', '09-03发布']]"
java程序员,北京北科阳光系统工程技术有限公司,长沙-芙蓉区,0.6-1.2万/月,"[[], ['长沙-芙蓉区', '2年经验', '大专', '招5人', '09-03发布']]"
Java开发工程师,浙江思发路网络科技有限公司,杭州-余杭区,6-8千/月,"[[], ['杭州-余杭区', '无工作经验', '招若干人', '09-03发布']]"
JAVA开发工程师,西安恒谦教育科技股份有限公司,异地招聘,0.8-1.5万/月,"[[], ['陕西省', '5-7年经验', '大专', '招2人', '09-03发布']]"
Java高级开发工程师,北京天广汇通科技有限公司成都分公司,成都,1.4-2万/月,"[[['五险一金'], ['补充医疗保险'], ['餐饮补贴'], ['年终奖金'], ['员工旅游'], ['股票期权'], ['定期体检'], ['零食管饱']], ['成都', '无工作经验', '本科', '招2人', '09-03发布']]"
Java开发工程师,青岛闪收付信息技术有限公司,青岛-崂山区,4-8千/月,"[[], ['青岛-崂山区', '1年经验', '本科', '招2人', '09-03发布']]"
JAVA后端工程师,广州合友经济发展有限公司,广州,1-1.5万/月,"[[], ['广州', '3-4年经验', '本科', '招若干人', '09-03发布', '普通话良好']]"
Java开发工程师,上海天会皓闻信息科技有限公司,上海,1.5-2万/月,"[[['五险一金'], ['弹性工作'], ['补充医疗保险'], ['定期体检'], ['员工旅游'], ['年终奖金'], ['股票期权']], ['上海', '3-4年经验', '本科', '招1人', '09-03发布', '普通话']]"
Java开发工程师,沛盾信息科技（上海）有限公司,上海,1.5-2.5万/月,"[[], ['上海', '3-4年经验', '大专', '招若干人', '09-03发布']]"
Java高级开发工程师,北京科蓝软件系统股份有限公司,南京-浦口区,1-1.5万/月,"[[['五险一金']], ['南京-浦口区', '无工作经验', '招1人', '09-03发布']]"
Java高级开发工程师,深圳保宏电子商务综合服务股份有限...,深圳-南山区,1.2-2万/月,"[[['五险一金'], ['餐饮补贴'], ['绩效奖金'], ['年终奖金'], ['员工旅游'], ['免费班车'], ['定期体检']], ['深圳-南山区', '3-4年经验', '招4人', '09-03发布']]"
Java开发工程师,深圳市易通财电子商务有限公司,佛山,0.8-1.2万/月,"[[['五险一金'], ['员工旅游'], ['绩效奖金'], ['年终奖金'], ['补充公积金']], ['佛山', '1年经验', '招1人', '09-03发布']]"
Java开发工程师,深圳市金证科技股份有限公司,深圳,1.2-1.8万/月,"[[['五险一金'], ['免费班车'], ['员工旅游'], ['专业培训'], ['定期体检']], ['深圳', '3-4年经验', '大专', '招2人', '09-03发布', '普通话良好']]"
JAVA技术主管（视频直播方向）,天翼视讯传媒有限公司,上海-浦东新区,2-3万/月,"[[['五险一金'], ['补充医疗保险'], ['交通补贴'], ['餐饮补贴'], ['通讯补贴'], ['专业培训'], ['绩效奖金'], ['年终奖金'], ['定期体检']], ['上海-浦东新区', '8-9年经验', '本科', '招若干人', '09-03发布']]"
软件工程师（Java后端）,合肥微网网络科技有限公司,合肥-高新区,5-8千/月,"[[['五险一金'], ['员工旅游'], ['专业培训'], ['年终奖金'], ['定期体检']], ['合肥-高新区', '无工作经验', '招若干人', '09-03发布']]"
Java开发工程师,合肥开元埃尔软件股份有限公司,上海-黄浦区,1.6-4万/月,"[[['五险一金'], ['年终奖金']], ['上海-黄浦区', '5-7年经验', '本科', '招1人', '09-03发布', '英语一般']]"
Java开发工程师,安徽鸿壹信息科技有限公司,合肥-高新区,0.8-1万/月,"[[['五险一金'], ['补充医疗保险'], ['补充公积金'], ['免费班车'], ['餐饮补贴'], ['专业培训'], ['年终奖金'], ['定期体检']], ['合肥-高新区', '2年经验', '大专', '招5人', '09-03发布']]"
Java高级程序经理（12-20K）,广州市中智软件开发有限公司,广州-越秀区,1.2-2万/月,"[[['五险一金'], ['补充医疗保险'], ['员工旅游'], ['通讯补贴'], ['专业培训'], ['绩效奖金'], ['年终奖金'], ['定期体检']], ['广州-越秀区', '无工作经验', '本科', '招8人', '09-03发布']]"
java开发工程师,南京哲彦信息技术有限公司,南京-玄武区,0.8-1.8万/月,"[[['五险一金'], ['员工旅游'], ['交通补贴'], ['餐饮补贴'], ['通讯补贴'], ['绩效奖金'], ['年终奖金'], ['免费班车'], ['弹性工作']], ['南京-玄武区', '3-4年经验', '本科', '招20人', '09-03发布', '英语良好']]"
Java开发工程师,上海钊芃实业有限公司,北京-海淀区,20-50万/年,"[[], ['北京-海淀区', '3-4年经验', '本科', '招2人', '09-03发布']]"
Java高级工程师,杭州有泰信息技术有限公司,杭州-西湖区,1.2-1.5万/月,"[[['年终奖金'], ['五险一金'], ['员工旅游'], ['定期体检'], ['补充医疗保险']], ['杭州-西湖区', '3-4年经验', '本科', '招3人', '09-03发布', '计算机科学与技术', '计算机科学']]"
Java后端开发工程师,杭州君南科技有限公司,杭州-西湖区,0.8-1.5万/月,"[[['五险一金'], ['补充医疗保险'], ['年终奖金'], ['周末双休'], ['员工旅游']], ['杭州-西湖区', '2年经验', '本科', '招5人', '09-03发布']]"
Java工程师、软件工程师,上海龙田数码科技有限公司,上海,0.8-1.2万/月,"[[['五险一金'], ['餐饮补贴'], ['通讯补贴'], ['专业培训'], ['员工旅游'], ['绩效奖金'], ['年终奖金']], ['上海', '3-4年经验', '大专', '招2人', '09-03发布']]"
Java开发工程师（高级/资深）,嗨课堂教育,上海-闵行区,1.7-2.5万/月,"[[['弹性工作'], ['带薪年假'], ['五险一金'], ['专业培训'], ['节日福利'], ['全勤奖'], ['绩效奖金'], ['通讯补贴'], ['高温补贴']], ['上海-闵行区', '无工作经验', '本科', '招3人', '09-03发布']]"
Java高级开发工程师,深圳市立创电子商务有限公司,深圳-福田区,1.5-2.5万/月,"[[['五险一金'], ['员工旅游'], ['绩效奖金'], ['弹性工作']], ['深圳-福田区', '3-4年经验', '大专', '招2人', '09-03发布']]"
初级Java开发工程师/Java实习生,陕西迪博佰通教育科技有限公司,西安-雁塔区,4.5-6千/月,"[[['五险一金'], ['员工旅游'], ['通讯补贴'], ['弹性工作'], ['绩效奖金'], ['年终奖金']], ['西安-雁塔区', '无工作经验', '大专', '招2人', '09-03发布']]"
Java 工程师,Ataway Consulting (Shanghai) Co...,上海,1-3万/月,"[[['五险一金'], ['补充医疗保险'], ['补充公积金'], ['交通补贴'], ['餐饮补贴'], ['通讯补贴'], ['专业培训'], ['年终奖金'], ['绩效奖金']], ['上海', '无工作经验', '本科', '招1人', '09-03发布', '英语一般']]"
Java高级开发工程师,广州市蓝软电脑科技有限公司,广州-番禺区,1-2万/月,"[[['五险一金'], ['绩效奖金'], ['员工旅游'], ['年终奖金']], ['广州-番禺区', '8-9年经验', '本科', '招1人', '09-03发布']]"
Java 测试职位（工作地：佛山）,大连嘉友软件技术有限公司,大连,1.5-2万/月,"[[['五险一金'], ['员工旅游'], ['年终奖金'], ['定期体检']], ['大连', '无工作经验', '招10人', '09-03发布']]"
Java开发工程师(PaaS、区块链),普联软件股份有限公司,济南-高新区,0.6-1.2万/月,"[[['周末双休'], ['带薪年假'], ['五险一金'], ['节日福利'], ['通讯补贴']], ['济南-高新区', '2年经验', '本科', '招5人', '09-03发布']]"
Java开发工程师,广州栗梦网络科技有限公司,异地招聘,1-2万/月,"[[], ['青岛-市北区', '无工作经验', '本科', '招5人', '09-03发布']]"
JAVA中级开发工程师,箭码（上海）生物科技有限公司,上海-徐汇区,0.8-1万/月,"[[['五险一金'], ['绩效奖金']], ['上海-徐汇区', '2年经验', '招若干人', '09-03发布']]"
部门经理（Java方向）03,上海复深蓝软件股份有限公司,上海-徐汇区,28-45万/年,"[[['五险一金'], ['定期体检'], ['通讯补贴'], ['专业培训'], ['年终奖金'], ['绩效奖金'], ['员工旅游'], ['交通补贴'], ['股票期权'], ['弹性工作']], ['上海-徐汇区', '10年以上经验', '本科', '招若干人', '09-03发布']]"
Java程序员+实习生 双休 五险一金,厦门五颗星信息科技有限公司,厦门,3-4.5千/月,"[[['五险一金'], ['绩效奖金'], ['年终奖金'], ['餐饮补贴'], ['弹性工作'], ['补充医疗保险'], ['通讯补贴']], ['厦门', '无工作经验', '大专', '招6人', '09-03发布']]"
中级JAVA软件工程师,成都丽维家科技有限公司,成都-武侯区,0.8-1.2万/月,"[[['五险一金'], ['员工旅游'], ['专业培训'], ['绩效奖金'], ['弹性工作'], ['定期体检']], ['成都-武侯区', '3-4年经验', '本科', '招1人', '09-03发布']]"
Java开发工程师,深圳华云信息系统有限公司,深圳-福田区,1-2万/月,"[[['做五休二'], ['周末双休'], ['带薪年假'], ['五险一金'], ['绩效奖金']], ['深圳-福田区', '3-4年经验', '本科', '招若干人', '09-03发布']]"
java软件工程师,四川美康医药软件研究开发有限公司,成都,0.6-1万/月,"[[['五险一金'], ['交通补贴'], ['餐饮补贴'], ['年终奖金'], ['定期体检'], ['员工旅游'], ['专业培训']], ['成都', '2年经验', '本科', '招3人', '09-03发布']]"
Java开发工程师,天津津云首创科技发展有限公司,天津-南开区,4.5-8千/月,"[[['五险一金'], ['员工旅游'], ['绩效奖金'], ['落户办理'], ['年终奖金'], ['定期体检'], ['通讯补贴']], ['天津-南开区', '无工作经验', '本科', '招2人', '09-03发布', '普通话良好', '计算机科学与技术', '软件工程']]"
Java开发工程师（西安）,北京久其软件股份有限公司,西安,0.7-1万/月,"[[['五险一金'], ['员工旅游'], ['餐饮补贴'], ['年终奖金'], ['定期体检']], ['西安', '3-4年经验', '本科', '招1人', '09-03发布']]"
Java后台开发（外派中国移动）,南京绛门信息科技股份有限公司,无锡-滨湖区,0.8-1.5万/月,"[[['五险一金'], ['餐饮补贴'], ['绩效奖金']], ['无锡-滨湖区', '3-4年经验', '本科', '招2人', '09-03发布']]"
JAVA研发工程师,北京亚鸿世纪科技发展有限公司,武汉,0.7-1.4万/月,"[[['五险一金'], ['员工旅游'], ['餐饮补贴'], ['通讯补贴'], ['年终奖金'], ['定期体检'], ['周末双休']], ['武汉', '3-4年经验', '本科', '招5人', '09-03发布']]"
Java工程师,深圳云里物里科技股份有限公司,深圳-龙华新区,1-1.5万/月,"[[['五险一金'], ['绩效奖金'], ['餐饮补贴'], ['提供住宿'], ['年终奖金'], ['全勤奖']], ['深圳-龙华新区', '3-4年经验', '本科', '招1人', '09-03发布']]"
Java开发工程师（初中级）,南京阿贝斯信息科技有限公司,南京-建邺区,0.7-1.4万/月,"[[['五险一金'], ['交通补贴'], ['定期体检'], ['节日福利'], ['全勤奖'], ['员工旅游'], ['年终奖金']], ['南京-建邺区', '2年经验', '本科', '招2人', '09-03发布']]"
JAVA软件工程师,UR,广州-白云区,0.9-1.5万/月,"[[['五险一金'], ['补充公积金'], ['免费班车'], ['专业培训'], ['弹性工作'], ['周末双休']], ['广州-白云区', '3-4年经验', '大专', '招1人', '09-03发布']]"
Java中级开发工程师,深圳市武扬科技信息有限公司,深圳-南山区,1.5-1.8万/月,"[[['五险一金'], ['员工旅游'], ['年终奖金']], ['深圳-南山区', '2年经验', '大专', '招1人', '09-03发布']]"
Java高级开发工程师,江苏慧医一六零信息科技有限公司,南京,1.5-2万/月,"[[['五险一金'], ['通讯补贴'], ['绩效奖金'], ['年终奖金'], ['定期体检'], ['补充医疗保险']], ['南京', '5-7年经验', '本科', '招1人', '09-03发布']]"
高级JAVA研发工程师,成都易贷网金融信息服务有限公司,成都-锦江区,1-2万/月,"[[['五险一金'], ['员工旅游'], ['年终奖金'], ['专业培训']], ['成都-锦江区', '无工作经验', '本科', '招2人', '09-03发布']]"
JAVA中高级软件工程师,上海莱泽信息技术有限公司,上海-杨浦区,1.5-2万/月,"[[['五险一金'], ['员工旅游'], ['交通补贴'], ['餐饮补贴'], ['专业培训'], ['绩效奖金'], ['年终奖金'], ['弹性工作']], ['上海-杨浦区', '无工作经验', '大专', '招若干人', '09-03发布']]"
Java开发工程师（微服务方向）,中软信息系统工程有限公司,北京-昌平区,1-2万/月,"[[['补充医疗保险'], ['免费班车'], ['员工旅游'], ['交通补贴'], ['通讯补贴'], ['专业培训'], ['年终奖金'], ['定期体检'], ['七险一金']], ['北京-昌平区', '无工作经验', '招2人', '09-03发布']]"
JAVA软件开发工程师,上海上讯信息技术股份有限公司,西安,0.9-1.5万/月,"[[['做五休二'], ['周末双休'], ['弹性工作'], ['带薪年假'], ['五险一金'], ['绩效奖金'], ['专业培训']], ['西安', '2年经验', '本科', '招5人', '09-03发布']]"
Java高级工程师,武汉瑞莱保能源技术有限公司,武汉-东湖新技...,0.8-1万/月,"[[['五险一金'], ['补充医疗保险'], ['员工旅游'], ['绩效奖金'], ['年终奖金'], ['通讯补贴'], ['专业培训']], ['武汉-东湖新技术产业开发区', '3-4年经验', '本科', '招若干人', '09-03发布', '普通话熟练', '软件工程', '计算机工程']]"
JAVA工程师,卓望公司教育事业部,天津,1-1.5万/月,"[[['五险一金'], ['补充医疗保险'], ['餐饮补贴'], ['通讯补贴'], ['绩效奖金'], ['定期体检']], ['天津', '3-4年经验', '本科', '招2人', '09-03发布', '电子信息科学与技术']]"
Java高级开发工程师,广州小马达信息科技有限公司,异地招聘,1.2-1.8万/月,"[[['五险一金'], ['员工旅游'], ['通讯补贴'], ['专业培训'], ['绩效奖金'], ['年终奖金'], ['弹性工作'], ['定期体检']], ['安徽省', '3-4年经验', '本科', '招2人', '09-03发布']]"
Java高级开发工程师,武汉颂大教育科技股份有限公司,武汉-江夏区,1.2-1.8万/月,"[[['五险一金'], ['免费班车'], ['员工旅游'], ['股票期权'], ['绩效奖金'], ['配手机送话费']], ['武汉-江夏区', '5-7年经验', '招2人', '09-03发布']]"
JAVA软件工程师,武汉盈科通信技术有限公司,武汉-江夏区,0.7-1万/月,"[[['五险一金'], ['餐饮补贴'], ['年终奖金'], ['周末双休']], ['武汉-江夏区', '3-4年经验', '本科', '招1人', '09-03发布', '英语熟练']]"
Java开发工程师,常州强森网络科技有限公司,常州-新北区,0.8-1万/月,"[[['五险一金'], ['员工旅游'], ['年终奖金'], ['下午茶'], ['妹子多'], ['老板nice'], ['每年多次调薪']], ['常州-新北区', '2年经验', '大专', '招2人', '09-03发布']]"
java中高级开发工程师,福建信睿网络科技有限公司,福州,0.8-1.3万/月,"[[['五险一金'], ['免费班车'], ['通讯补贴'], ['年终奖金']], ['福州', '无工作经验', '招2人', '09-03发布']]"
高级JAVA工程师,上海卓易科技股份有限公司,上海-徐汇区,1.2-1.8万/月,"[[['五险一金'], ['定期体检'], ['绩效奖金'], ['年终奖金']], ['上海-徐汇区', '3-4年经验', '本科', '招1人', '09-03发布']]"
Java高级开发工程师,广联达科技股份有限公司,西安-未央区,1.5-2万/月,"[[['五险一金'], ['补充医疗保险'], ['餐饮补贴'], ['定期体检'], ['专业培训']], ['西安-未央区', '5-7年经验', '本科', '招3人', '09-03发布']]"
Java开发工程师,上海前隆信息科技有限公司,哈尔滨-南岗区,1-1.5万/月,"[[['五险一金'], ['员工旅游'], ['专业培训'], ['绩效奖金'], ['年终奖金'], ['定期体检']], ['哈尔滨-南岗区', '3-4年经验', '本科', '招1人', '09-03发布']]"
java研发工程师,永乐票务,北京-海淀区,2-2.5万/月,"[[['五险一金'], ['绩效奖金'], ['补充医疗保险']], ['北京-海淀区', '5-7年经验', '本科', '招6人', '09-03发布']]"
APP/JAVA/嵌入式软件应用开发程序员,北京中科思鹏科技有限公司,北京-朝阳区,6-8千/月,"[[['五险一金']], ['北京-朝阳区', '2年经验', '招3人', '09-03发布', '普通话熟练', '计算机科学与技术', '电子信息科学与技术']]"
Java研发经理,昂立教育集团总部,上海,2-2.5万/月,"[[['五险一金'], ['员工旅游'], ['绩效奖金'], ['年终奖金'], ['定期体检'], ['节日福利'], ['生日福利'], ['丰富团建'], ['产品折扣'], ['亲属福利']], ['上海', '8-9年经验', '大专', '招1人', '09-03发布']]"
JAVA软件工程师,上海天臣防伪技术股份有限公司,上海-杨浦区,0.9-1.3万/月,"[[['五险一金'], ['员工旅游'], ['餐饮补贴'], ['专业培训'], ['绩效奖金'], ['年终奖金'], ['定期体检'], ['周末双休'], ['高温补贴']], ['上海-杨浦区', '2年经验', '本科', '招2人', '09-03发布']]"
java助理工程师,协同电子科技（福建）有限公司,福州-仓山区,4-5千/月,"[[['五险一金'], ['年终奖金'], ['绩效奖金']], ['福州-仓山区', '无工作经验', '招1人', '09-03发布']]"
JAVA开发工程师,华夏鑫彩科技有限公司,上海-虹口区,1.5-2万/月,"[[['五险一金'], ['餐饮补贴'], ['绩效奖金']], ['上海-虹口区', '2年经验', '大专', '招2人', '09-03发布']]"
JAVA软件工程师,惠州颐讯信息技术有限公司,惠州,0.8-1.5万/月,"[[['五险一金'], ['年终奖金'], ['员工旅游'], ['绩效奖金']], ['惠州', '2年经验', '大专', '招2人', '09-03发布']]"
Java开发工程师,上海微食信息科技有限公司,上海-徐汇区,1-2万/月,"[[['做五休二'], ['带薪年假'], ['五险一金'], ['绩效奖金'], ['节日福利'], ['专业培训']], ['上海-徐汇区', '2年经验', '本科', '招1人', '09-03发布']]"
Java软件工程师,上海环能新科节能科技股份有限公司,上海-浦东新区,1-1.5万/月,"[[['五险一金'], ['年终奖金'], ['节日福利']], ['上海-浦东新区', '3-4年经验', '本科', '招1人', '09-03发布', '计算机科学与技术']]"
初中级java软件工程师,南昌信道科技有限公司,南昌,5-7千/月,"[[['五险一金'], ['员工旅游'], ['年终奖金'], ['绩效奖金'], ['定期体检']], ['南昌', '2年经验', '本科', '招4人', '09-03发布', '英语良好', '计算机科学与技术', '计算机科学']]"
JAVA主程,深圳市奥术信息科技有限公司,深圳-南山区,2.5-3万/月,"[[['五险一金'], ['交通补贴'], ['绩效奖金'], ['餐饮补贴'], ['年终奖金'], ['股票期权'], ['弹性工作'], ['出国机会'], ['定期体检'], ['员工旅游']], ['深圳-南山区', '3-4年经验', '招若干人', '09-03发布']]"
Java资深开发工程师,大连新视点软件科技有限公司,大连-高新园区,0.8-1.2万/月,"[[['五险一金'], ['年终奖金'], ['交通补贴'], ['餐饮补贴'], ['通讯补贴']], ['大连-高新园区', '无工作经验', '本科', '招若干人', '09-03发布']]"
Java高级开发工程师,北京金斗云辉科技有限公司,西安-莲湖区,1-1.6万/月,"[[['五险一金'], ['员工旅游'], ['专业培训'], ['弹性工作'], ['年终奖金'], ['过节福利'], ['员工生日福利'], ['带薪年假']], ['西安-莲湖区', '5-7年经验', '大专', '招3人', '09-03发布']]"
Java高级软件工程师,山东恒远智能科技有限公司,烟台,6-8千/月,"[[['五险一金'], ['餐饮补贴'], ['绩效奖金'], ['年底双薪'], ['带薪年假'], ['员工旅游'], ['节日福利'], ['周末双休']], ['烟台', '3-4年经验', '本科', '招1人', '09-03发布']]"
Java开发工程师,福建鸣世天下珠宝有限公司,福州,5-7千/月,"[[['五险'], ['全勤奖'], ['工龄补贴'], ['年终奖金']], ['福州', '1年经验', '大专', '招1人', '09-03发布']]"
Java工程师,科学出版社成都有限责任公司,成都,0.8-1.6万/月,"[[['五险一金'], ['员工旅游'], ['绩效奖金'], ['定期体检'], ['弹性工作'], ['股票期权'], ['上五休二'], ['生日福利'], ['出国机会']], ['成都', '5-7年经验', '本科', '招2人', '09-03发布', '英语']]"
Java高级开发工程师,深圳市微创云启科技有限公司,深圳-南山区,1.5-2.4万/月,"[[['绩效奖金'], ['五险一金'], ['专业培训'], ['定期体检'], ['员工旅游']], ['深圳-南山区', '5-7年经验', '大专', '招若干人', '09-03发布', '英语良好']]"
Java软件工程师,上海九盈信息科技有限公司,上海-徐汇区,1.2-1.8万/月,"[[['五险一金'], ['股票期权'], ['专业培训'], ['员工旅游'], ['出国机会']], ['上海-徐汇区', '3-4年经验', '大专', '招若干人', '09-03发布']]"
Android java开发工程师,苏州轰天炮光电科技有限公司,苏州-相城区,1-1.5万/月,"[[['带薪年假'], ['五险一金'], ['绩效奖金'], ['专业培训'], ['公司聚餐']], ['苏州-相城区', '3-4年经验', '本科', '招1人', '09-03发布']]"
Java开发工程师,上海天用唯勤软件技术有限公司,杭州-滨江区,0.8-1.5万/月,"[[['五险一金'], ['绩效奖金'], ['员工旅游']], ['杭州-滨江区', '1年经验', '大专', '招5人', '09-03发布']]"
Java开发工程师,深圳格隆汇信息科技有限公司,深圳-南山区,1.5-2万/月,"[[['五险一金'], ['绩效奖金'], ['股票期权'], ['专业培训']], ['深圳-南山区', '3-4年经验', '本科', '招若干人', '09-03发布']]"
雅居乐 Java开发工程师,雅居乐雅生活集团雅天网络科技公司,广州-天河区,1-2万/月,"[[['五险一金'], ['餐饮补贴'], ['绩效奖金'], ['年终奖金'], ['弹性工作'], ['专业培训'], ['定期体检'], ['平台大']], ['广州-天河区', '3-4年经验', '本科', '招3人', '09-03发布', '普通话良好']]"
Java高级讲师,北京师大安博教育科技有限责任公司,大连-高新园区,0.8-1万/月,"[[['五险一金'], ['补充医疗保险'], ['专业培训'], ['弹性工作'], ['通讯补贴']], ['大连-高新园区', '3-4年经验', '大专', '招若干人', '09-03发布']]"
Java软件开发工程师助理,湖北阿百云健康科技服务有限公司,武汉-洪山区,4.5-7.5千/月,"[[], ['武汉-洪山区', '无工作经验', '大专', '招4人', '09-03发布']]"
Java高级开发工程师,顺沃企业管理咨询（上海）有限公司,上海,1.5-2.5万/月,"[[['五险一金'], ['员工旅游'], ['年终奖金'], ['定期体检']], ['上海', '无工作经验', '本科', '招3人', '09-03发布']]"
Java开发工程师（中级）,新智认知数据服务有限公司,南京-雨花台区,1-2万/月,"[[['餐饮补贴'], ['定期体检'], ['通讯补贴'], ['专业培训'], ['免费班车'], ['五险一金']], ['南京-雨花台区', '无工作经验', '招4人', '09-03发布']]"
Java高级软件开发工程师,卓沃信息技术（上海）有限公司,上海-浦东新区,1-1.5万/月,"[[['五险一金'], ['专业培训'], ['弹性工作']], ['上海-浦东新区', '3-4年经验', '本科', '招5人', '09-03发布']]"
Java开发工程师,广东众图互联网工程设计有限公司,佛山-南海区,6-8千/月,"[[['五险一金'], ['补充医疗保险'], ['员工旅游'], ['定期体检'], ['年终奖金']], ['佛山-南海区', '2年经验', '本科', '招3人', '09-03发布']]"
Java高级开发工程师,长沙远大住宅工业集团股份有限公司,长沙,7-9千/月,"[[['五险一金'], ['补充医疗保险'], ['餐饮补贴'], ['通讯补贴'], ['绩效奖金'], ['年终奖金'], ['交通补贴']], ['长沙', '3-4年经验', '本科', '招5人', '09-03发布']]"
Java高级开发工程师,北京无限时空网络技术有限公司,北京-朝阳区,1.5-2万/月,"[[['弹性工作'], ['带薪年假'], ['五险一金'], ['全勤奖'], ['餐饮补贴'], ['周末双休'], ['节日福利']], ['北京-朝阳区', '2年经验', '大专', '招2人', '09-03发布']]"
Java开发工程师,达维信息技术（深圳）有限公司,深圳-龙岗区,1-1.5万/月,"[[], ['深圳-龙岗区', '无工作经验', '大专', '招5人', '09-03发布']]"
Java开发工程师,上海益芯金融信息服务有限公司,上海-浦东新区,1-1.5万/月,"[[['做五休二'], ['周末双休'], ['带薪年假'], ['节日福利'], ['朝九晚六'], ['五险一金'], ['环境轻松']], ['上海-浦东新区', '无工作经验', '招2人', '09-03发布']]"
Java开发工程师,深圳市思迪信息技术股份有限公司,郑州-金水区,6-9千/月,"[[['五险一金'], ['员工旅游'], ['专业培训'], ['补充医疗保险'], ['定期体检'], ['弹性工作'], ['绩效奖金']], ['郑州-金水区', '3-4年经验', '大专', '招1人', '09-03发布']]"
java、web,深圳市雁联技术服务有限公司,深圳-南山区,0.9-1.5万/月,"[[['周末双休'], ['加班补贴'], ['带薪年假'], ['定期体检'], ['年终奖金'], ['生日福利'], ['六险一金'], ['法定假期']], ['深圳-南山区', '2年经验', '本科', '招8人', '09-03发布']]"
java开发工程师,上海媒科锐奇网络科技有限公司,上海-浦东新区,0.8-1万/月,"[[['五险一金'], ['定期体检'], ['员工旅游'], ['年终奖金'], ['弹性工作'], ['餐饮补贴'], ['交通补贴']], ['上海-浦东新区', '无工作经验', '本科', '招2人', '09-03发布', '软件工程', '计算机科学与技术']]"
Java开发工程师,深圳市蓝泰源信息技术股份有限公司,武汉-江夏区,0.8-1.6万/月,"[[['五险一金'], ['餐饮补贴'], ['绩效奖金'], ['年终奖金'], ['定期体检'], ['股票期权'], ['周末双休'], ['不加班']], ['武汉-江夏区', '3-4年经验', '本科', '招若干人', '09-03发布']]"
Java开发工程师（1）,深圳市菲普莱体育发展有限公司,深圳-宝安区,1.5-2万/月,"[[['五险一金'], ['补充医疗保险'], ['员工旅游'], ['餐饮补贴'], ['绩效奖金'], ['年终奖金'], ['定期体检']], ['深圳-宝安区', '5-7年经验', '大专', '招2人', '09-03发布', '英语', '软件工程']]"
Java架构师,爱问医联科技（深圳）有限公司,深圳-南山区,1.5-2.5万/月,"[[['五险一金'], ['餐饮补贴'], ['专业培训'], ['员工旅游']], ['深圳-南山区', '5-7年经验', '本科', '招1人', '09-03发布']]"
高级JAVA开发工程师,北京中发智迅科技发展有限公司,北京-海淀区,2-3.5万/月,"[[['周末双休'], ['带薪年假'], ['五险一金'], ['节日福利'], ['绩效奖金']], ['北京-海淀区', '5-7年经验', '本科', '招若干人', '09-03发布', '计算机科学与技术']]"
Java软件开发/Java实习生/Java学徒（双休）,合肥酷菲信息技术有限公司,合肥,4.5-6千/月,"[[], ['合肥', '无工作经验', '大专', '招3人', '09-03发布']]"
JAVA/J2EE工程师,无锡拼起来网络科技有限公司,无锡,0.9-1万/月,"[[['五险一金'], ['年终奖金']], ['无锡', '3-4年经验', '招1人', '09-03发布']]"
Java高级开发工程师,郑州思博科信息技术有限公司,郑州,0.8-1万/月,"[[['五险一金'], ['绩效奖金'], ['年终奖金'], ['定期体检']], ['郑州', '无工作经验', '招3人', '09-03发布']]"
JAVA/J2EE开发工程师,广州市勤思网络科技有限公司,广州,0.7-1.3万/月,"[[['补充医疗保险'], ['员工旅游'], ['交通补贴'], ['股票期权'], ['年终奖金'], ['绩效奖金'], ['专业培训']], ['广州', '2年经验', '本科', '招3人', '09-03发布']]"
Java开发工程师,深圳市纽瑞尔信息技术有限公司,深圳,1-1.5万/月,"[[['五险一金'], ['弹性工作'], ['年终奖金']], ['深圳', '2年经验', '本科', '招3人', '09-03发布', '计算机科学与技术', '计算机信息管理']]"
Java开发工程师,武汉瀚金源科技有限公司,武汉-洪山区,0.7-1.5万/月,"[[['五险一金'], ['员工旅游'], ['绩效奖金'], ['年终奖金'], ['弹性工作'], ['定期体检'], ['专业培训']], ['武汉-洪山区', '3-4年经验', '大专', '招3人', '09-03发布']]"
Java架构师,上海国烨跨境电子商务有限公司,上海-虹口区,2.5-3.5万/月,"[[['五险一金'], ['交通补贴'], ['绩效奖金'], ['餐饮补贴'], ['通讯补贴']], ['上海-虹口区', '无工作经验', '招若干人', '09-03发布']]"
Java高级开发工程师,亚信科技（中国）有限公司,北京-通州区,1.2-2万/月,"[[['五险一金'], ['补充医疗保险'], ['免费班车'], ['交通补贴'], ['餐饮补贴'], ['通讯补贴'], ['绩效奖金'], ['弹性工作'], ['定期体检'], ['专业培训']], ['北京-通州区', '3-4年经验', '本科', '招1人', '09-03发布']]"
Java开发工程师,武汉力龙信息科技股份有限公司,武汉,0.8-1万/月,"[[['五险一金'], ['定期体检'], ['绩效奖金'], ['餐饮补贴'], ['周末双休'], ['员工旅游'], ['节日福利'], ['家庭慰问金'], ['员工激励']], ['武汉', '5-7年经验', '大专', '招1人', '09-03发布']]"
Java开发工程师,南京科远自动化集团股份有限公司,南京-江宁区,1-1.5万/月,"[[['五险一金'], ['年终奖金'], ['定期体检'], ['节日福利'], ['带薪年假'], ['绩效奖金'], ['免费班车'], ['员工旅游'], ['专业培训']], ['南京-江宁区', '2年经验', '本科', '招1人', '09-03发布']]"
机械/土木 转行到JAVA软件开发,武汉零壹众创信息科技有限公司,武汉-洪山区,4.5-6千/月,"[[['绩效奖金'], ['五险一金'], ['员工旅游'], ['定期体检'], ['弹性工作']], ['武汉-洪山区', '无工作经验', '招5人', '09-03发布']]"
Java高级工程师,深圳市胜纬科技有限公司,深圳,1.5-2万/月,"[[], ['深圳', '3-4年经验', '本科', '招1人', '09-03发布', '英语良好']]"
Java开发工程师,杭州潮流信息技术有限公司成都分公司,成都,0.8-1.5万/月,"[[['五险一金']], ['成都', '2年经验', '本科', '招5人', '09-03发布']]"
JAVA工程师,北京亿威通达科技有限公司,北京-丰台区,1-2万/月,"[[['五险一金'], ['年终奖金'], ['节日福利']], ['北京-丰台区', '3-4年经验', '本科', '招2人', '09-03发布']]"
Java开发实习生,上海金丘信息科技股份有限公司,上海-浦东新区,3-4.5千/月,"[[['做五休二'], ['周末双休'], ['弹性工作'], ['带薪年假'], ['五险一金'], ['绩效奖金'], ['节日福利'], ['专业培训']], ['上海-浦东新区', '无工作经验', '本科', '招10人', '09-03发布']]"
Java开发工程师,广东瑞德智能科技股份有限公司,佛山-顺德区,6-8千/月,"[[['餐饮补贴'], ['通讯补贴'], ['绩效奖金'], ['专业培训'], ['包住宿'], ['全勤奖'], ['加班补贴']], ['佛山-顺德区', '1年经验', '大专', '招若干人', '09-03发布', '普通话良好', '软件工程']]"
Java开发工程师,厦门融通信息技术有限责任公司,厦门,0.8-1万/月,"[[['五险一金'], ['补充医疗保险'], ['年终奖金'], ['绩效奖金'], ['节日福利'], ['带薪年假'], ['试用期全薪'], ['生日福利']], ['厦门', '1年经验', '大专', '招5人', '09-03发布']]"
初级Java开发工程师/Java实习生,南京柯普瑞信息技术有限公司,南京,4.5-6千/月,"[[['五险一金'], ['免费班车'], ['员工旅游'], ['交通补贴'], ['餐饮补贴'], ['通讯补贴'], ['专业培训'], ['绩效奖金'], ['年终奖金'], ['定期体检']], ['南京', '无工作经验', '大专', '招3人', '09-03发布']]"
中级Java开发工程师,上海正信方晟资信评估有限公司,上海,20-30万/年,"[[['五险一金'], ['定期体检'], ['员工旅游'], ['绩效奖金'], ['餐饮补贴'], ['交通补贴']], ['上海', '2年经验', '本科', '招若干人', '09-03发布', '英语良好']]"
Java开发工程师（初、中级）,广州致讯信息科技有限责任公司,广州-黄埔区,0.5-1.2万/月,"[[['五险一金'], ['免费班车'], ['绩效奖金'], ['年终奖金'], ['通讯补贴'], ['餐饮补贴'], ['定期体检']], ['广州-黄埔区', '3-4年经验', '大专', '招3人', '09-03发布']]"
Java高级开发工程师,上海擎云物联网股份有限公司,上海-闵行区,0.6-1万/月,"[[['五险一金'], ['绩效奖金'], ['股票期权'], ['专业培训']], ['上海-闵行区', '5-7年经验', '大专', '招若干人', '09-03发布']]"
JAVA开发工程师,天讯瑞达通信技术有限公司,广州,0.6-1万/月,"[[['五险一金'], ['绩效奖金'], ['年终奖金'], ['周末双休'], ['带薪年假'], ['弹性工作']], ['广州', '无工作经验', '招若干人', '09-03发布']]"
Java高级开发工程师(需求侧管理),南京新联软件有限责任公司,南京-江宁区,0.8-1万/月,"[[['五险一金']], ['南京-江宁区', '2年经验', '本科', '招5人', '09-03发布']]"
Java开发经理,上海大钱信息技术有限公司,上海,2-3万/月,"[[['五险一金'], ['补充医疗保险'], ['弹性工作'], ['年终奖金']], ['上海', '5-7年经验', '本科', '招1人', '09-03发布']]"
Java开发工程师,北京陆秦网络科技有限公司,北京-朝阳区,0.8-1.5万/月,"[[['五险一金'], ['补充公积金'], ['绩效奖金'], ['专业培训'], ['弹性工作']], ['北京-朝阳区', '3-4年经验', '本科', '招2人', '09-03发布']]"
Java开发工程师,北京颐东信达网络信息技术有限公司,北京-昌平区,0.5-2万/月,"[[['五险一金']], ['北京-昌平区', '3-4年经验', '本科', '招若干人', '09-03发布']]"
JAVA高级软件工程师,南京嘉量信息科技有限公司,南京-秦淮区,1-1.5万/月,"[[['周末双休'], ['加班补贴'], ['节日福利'], ['五险一金'], ['绩效奖金']], ['南京-秦淮区', '3-4年经验', '本科', '招1人', '09-03发布', '英语熟练']]"
JAVA工程师,江西创捷物联网科技有限公司,南昌,4-6千/月,"[[['交通补贴'], ['餐饮补贴'], ['通讯补贴'], ['养老保险'], ['医疗保险'], ['工伤保险'], ['节日福利'], ['带薪年假'], ['不定期活动']], ['南昌', '1年经验', '大专', '招2人', '09-03发布', '软件工程', '计算机网络']]"
Java高级开发工程师,上海八尚企业管理有限公司,上海-徐汇区,1-2.5万/月,"[[['五险一金'], ['绩效奖金'], ['带薪年假']], ['上海-徐汇区', '3-4年经验', '大专', '招1人', '09-03发布', '计算机科学与技术', '软件工程']]"
Java开发工程师,北京娜迦信息科技发展有限公司,北京-海淀区,1.5-2万/月,"[[['五险一金'], ['员工旅游'], ['年终奖金'], ['弹性工作'], ['定期体检'], ['带薪年假']], ['北京-海淀区', '3-4年经验', '本科', '招若干人', '09-03发布']]"
JAVA开发工程师,杭州臻合网络科技有限公司,杭州-西湖区,0.8-1.5万/月,"[[['做五休二'], ['周末双休'], ['弹性工作'], ['五险一金'], ['节日福利'], ['绩效奖金'], ['带薪年假']], ['杭州-西湖区', '1年经验', '本科', '招1人', '09-03发布']]"
Java开发工程师（***）,杭州浙大灵通科技有限公司,杭州-拱墅区,200元/天,"[[['五险一金'], ['绩效奖金'], ['年终奖金'], ['定期体检'], ['员工旅游'], ['专业培训']], ['杭州-拱墅区', '无工作经验', '招若干人', '09-03发布']]"
JAVA软件开发,中软国际科技服务有限公司,上海-浦东新区,7-9千/月,"[[['五险一金'], ['绩效奖金'], ['年终奖金'], ['弹性工作'], ['定期体检'], ['员工旅游']], ['上海-浦东新区', '2年经验', '本科', '招若干人', '09-03发布', '普通话熟练']]"
Java维护工程师（大江东驻场）,杭州瑞成信息技术有限公司,杭州-萧山区,4.5-6千/月,"[[['五险一金'], ['交通补贴'], ['餐饮补贴'], ['员工旅游'], ['年终奖金'], ['做五休二'], ['法定假期'], ['节日福利'], ['住房补贴'], ['带薪年假']], ['杭州-萧山区', '2年经验', '大专', '招1人', '09-03发布']]"
Java开发工程师,郑州德贝电子科技有限公司,郑州-金水区,4.5-6千/月,"[[], ['郑州-金水区', '1年经验', '本科', '招2人', '09-03发布', '计算机科学与技术', '计算机应用']]"
Java开发工程师,杭州炼数科技有限公司,杭州-江干区,1-1.5万/月,"[[['五险一金'], ['绩效奖金'], ['年终奖金'], ['股票期权'], ['弹性工作']], ['杭州-江干区', '无工作经验', '招3人', '09-03发布']]"
0042 JAVA工程师,上海梅斯医药科技有限公司—生物谷...,上海-徐汇区,1.5-2万/月,"[[['五险一金'], ['周末双休'], ['带薪年假'], ['节日福利'], ['绩效奖金']], ['上海-徐汇区', '3-4年经验', '本科', '招2人', '09-03发布', '计算机科学与技术', '软件工程']]"
Java初级开发工程师,南京开江科技有限公司,南京-鼓楼区,4-6千/月,"[[['做五休二'], ['带薪年假'], ['五险一金'], ['专业培训']], ['南京-鼓楼区', '1年经验', '本科', '招2人', '09-03发布', '计算机科学与技术', '软件工程']]"
java,上海华腾软件系统有限公司,宁波-北仑区,1-1.5万/月,"[[], ['宁波-北仑区', '2年经验', '本科', '招1人', '09-03发布']]"
Java后端工程师,南京荣飞科技股份有限公司,南京-鼓楼区,1-2万/月,"[[['五险一金'], ['补充医疗保险'], ['员工旅游'], ['交通补贴'], ['餐饮补贴'], ['绩效奖金'], ['周末双休']], ['南京-鼓楼区', '3-4年经验', '本科', '招4人', '09-03发布', '计算机科学与技术']]"
Java开发工程师,四川弘智远大科技有限公司,成都,0.8-1.3万/月,"[[['五险一金'], ['专业培训'], ['弹性工作'], ['定期体检']], ['成都', '无工作经验', '招2人', '09-03发布']]"
中高java工程师,深圳萨摩耶互联网金融服务有限公司,上海-浦东新区,1.5-3万/月,"[[], ['上海-浦东新区', '无工作经验', '本科', '招1人', '09-03发布']]"
Java开发工程师,房博士网,广州-天河区,1.2-1.5万/月,"[[['五险一金'], ['员工旅游'], ['绩效奖金'], ['定期体检'], ['年终奖金'], ['购房优惠1%']], ['广州-天河区', '3-4年经验', '本科', '招3人', '09-03发布']]"
急聘预算转Java开发  高薪,西安市和诚建筑商务有限公司,西安-雁塔区,6-8千/月,"[[['五险一金'], ['员工旅游'], ['专业培训'], ['年终奖金'], ['绩效奖金']], ['西安-雁塔区', '无工作经验', '高中', '招若干人', '09-03发布']]"
Java开发工程师,广州神州通保计算机技术有限公司,广州,0.7-1万/月,"[[['五险一金'], ['弹性工作'], ['餐饮补贴'], ['员工旅游'], ['交通补贴'], ['免费下午茶'], ['生日派对'], ['周末双休'], ['年终奖金']], ['广州', '3-4年经验', '大专', '招1人', '09-03发布']]"
中级JAVA工程师,北京亿美软通科技有限公司,北京,0.8-1.4万/月,"[[['五险一金'], ['餐饮补贴'], ['补充医疗保险'], ['定期体检'], ['绩效奖金']], ['北京', '无工作经验', '本科', '招若干人', '09-03发布']]"
Java开发工程师-2019,方正国际软件（北京）有限公司,异地招聘,0.8-1万/月,"[[['五险一金'], ['补充医疗保险'], ['交通补贴'], ['餐饮补贴'], ['通讯补贴'], ['绩效奖金'], ['年终奖金'], ['定期体检']], ['北京', '无工作经验', '本科', '招21人', '09-03发布']]"
Java高级开发工程师,文华投资集团有限公司,广州-天河区,0.8-1.6万/月,"[[], ['广州-天河区', '3-4年经验', '本科', '招若干人', '09-03发布', '普通话良好', '软件工程']]"
java工程师,杭州天铂红外光电技术有限公司,杭州-余杭区,10-15万/年,"[[['双休法定假日'], ['节日福利'], ['五险一金']], ['杭州-余杭区', '2年经验', '本科', '招1人', '09-03发布']]"
Java初级开发工程师,广州市天工远科计算机科技有限公司,广州-天河区,6-8万/年,"[[['五险一金'], ['绩效奖金'], ['员工旅游'], ['交通补贴'], ['通讯补贴'], ['餐饮补贴'], ['年终奖金']], ['广州-天河区', '2年经验', '大专', '招5人', '09-03发布', '英语良好', '计算机科学与技术']]"
Java高级开发工程师,武汉华中思能科技有限公司,武汉,0.8-1.2万/月,"[[['五险一金'], ['年终奖金'], ['交通补贴'], ['通讯补贴'], ['绩效奖金'], ['定期体检'], ['每年多次调薪']], ['武汉', '2年经验', '本科', '招1人', '09-03发布']]"
Java开发工程师（中高级）,中驰车福电子商务有限公司,北京-海淀区,1.3-1.8万/月,"[[['五险一金'], ['员工旅游'], ['专业培训'], ['绩效奖金'], ['股票期权'], ['定期体检']], ['北京-海淀区', '无工作经验', '招3人', '09-03发布']]"
java软件开发人员,四川三维系统工程有限责任公司,成都-青羊区,5-8千/月,"[[], ['成都-青羊区', '1年经验', '本科', '招2人', '09-03发布', '英语一般', '计算机科学与技术']]"
中高级JAVA开发工程师,四川业亿辰科技有限公司,成都-高新区,0.7-1.5万/月,"[[['五险一金'], ['股票期权'], ['年终奖金'], ['员工旅游'], ['专业培训'], ['绩效奖金']], ['成都-高新区', '3-4年经验', '大专', '招2人', '09-03发布']]"
JAVA开发工程师,兴业数字金融服务（上海）股份有限...,上海,1.5-2万/月,"[[], ['上海', '1年经验', '本科', '招若干人', '09-03发布']]"
JAVA软件工程师,亿嘉和科技股份有限公司,南京,,"[[], ['南京', '无工作经验', '本科', '招5人', '09-03发布']]"
Java架构师,上海翰凌信息技术有限公司,上海-徐汇区,30-40万/年,"[[['五险一金'], ['员工旅游'], ['定期体检'], ['绩效奖金'], ['年终奖金']], ['上海-徐汇区', '5-7年经验', '本科', '招1人', '09-03发布']]"
JAVA软件开发工程师（五险一金）,辽宁国诺科技有限公司,沈阳-皇姑区,0.8-1万/月,"[[['五险一金'], ['员工旅游'], ['年终奖金'], ['绩效奖金'], ['专业培训']], ['沈阳-皇姑区', '3-4年经验', '招5人', '09-03发布']]"
高级java开发工程师,深圳市普天宜通技术股份有限公司,深圳-南山区,25-35万/年,"[[['五险一金'], ['员工旅游'], ['专业培训'], ['绩效奖金'], ['年终奖金'], ['弹性工作'], ['定期体检'], ['周末双休']], ['深圳-南山区', '5-7年经验', '本科', '招若干人', '09-03发布']]"
JAVA开发工程师（高级）,湖南龙熹科技有限公司,长沙-雨花区,1-1.5万/月,"[[], ['长沙-雨花区', '3-4年经验', '大专', '招3人', '09-03发布', '计算机科学与技术', '软件工程']]"
Java 高级工程师,广州润滔信息科技有限公司,广州-海珠区,1.6-2万/月,"[[['五险一金'], ['弹性工作'], ['年底双薪'], ['周末双休']], ['广州-海珠区', '5-7年经验', '大专', '招若干人', '09-03发布', '粤语一般', '英语一般']]"
Java高级开发工程师,广州源典科技有限公司,广州,1-1.8万/月,"[[['五险一金'], ['周末双休'], ['定期体检'], ['弹性工作'], ['绩效奖金'], ['节日补贴'], ['每年多次调薪'], ['带薪年假'], ['股票期权']], ['广州', '3-4年经验', '本科', '招2人', '09-03发布']]"
JAVA开发工程师（中级）,广东黑网科技股份有限公司,广州-天河区,1-1.3万/月,"[[['五险一金'], ['带薪年假'], ['节日福利'], ['加班补贴'], ['全勤奖'], ['专业培训'], ['周末双休']], ['广州-天河区', '3-4年经验', '大专', '招1人', '09-03发布']]"
Java讲师,极客信息技术有限公司,镇江,0.8-1万/月,"[[['五险一金'], ['员工旅游'], ['年终奖金'], ['绩效奖金'], ['定期体检']], ['镇江', '1年经验', '本科', '招2人', '09-03发布']]"
Java开发工程师,广州博日信息科技有限公司,广州-天河区,1-2万/月,"[[], ['广州-天河区', '3-4年经验', '大专', '招3人', '09-03发布', '计算机科学与技术', '计算机科学']]"
JAVA高级软件工程师,湖南视拓信息技术股份有限公司,长沙,1-1.5万/月,"[[], ['长沙', '5-7年经验', '本科', '招2人', '09-03发布']]"
java高级工程师,深圳义合信达科技有限公司,深圳-宝安区,1-1.8万/月,"[[['五险一金'], ['补充医疗保险'], ['员工旅游'], ['年终奖金'], ['绩效奖金'], ['专业培训'], ['定期体检'], ['餐饮补贴'], ['弹性工作']], ['深圳-宝安区', '3-4年经验', '大专', '招3人', '09-03发布']]"
Java程序开发工程师,上海东冠纸业有限公司,上海,1-1.6万/月,"[[['五险一金'], ['免费班车'], ['交通补贴'], ['绩效奖金'], ['年终奖金']], ['上海', '无工作经验', '招2人', '09-03发布']]"
JAVA软件开发实习生/程序员,沈阳倾城科技有限公司,沈阳,3-4.5千/月,"[[['周末双休'], ['五险一金'], ['带薪年假'], ['绩效奖金'], ['节日福利']], ['沈阳', '无工作经验', '大专', '招3人', '09-03发布']]"
高级Java开发工程师,上海聚数信息科技有限公司,上海-普陀区,0.7-1.2万/月,"[[['专业培训'], ['五险一金'], ['绩效奖金'], ['年终奖金'], ['股票期权'], ['弹性工作'], ['通讯补贴'], ['定期体检'], ['餐饮补贴']], ['上海-普陀区', '1年经验', '本科', '招3人', '09-03发布']]"
资深java工程师（新到店）,美团点评,北京-朝阳区,2.5-3万/月,"[[], ['北京-朝阳区', '5-7年经验', '招若干人', '09-03发布']]"
中级Java工程师（跨境支付+双休+五险一金）,广州市汇聚支付电子科技有限公司,广州-天河区,1.2-1.8万/月,"[[['五险一金'], ['员工旅游'], ['通讯补贴'], ['年终奖金'], ['定期体检'], ['高薪高提成'], ['周末双休'], ['晋升平台大'], ['核心事业部']], ['广州-天河区', '3-4年经验', '本科', '招3人', '09-03发布']]"
JAVA开发工程师（上海唐镇）,深圳市赢时胜信息技术股份有限公司...,上海,0.7-1.2万/月,"[[['五险一金'], ['绩效奖金'], ['员工旅游'], ['年终奖金']], ['上海', '1年经验', '本科', '招2人', '09-03发布']]"
Java高级开发工程师--研发中心,浙江盘石信息技术股份有限公司,杭州,1.5-3万/月,"[[], ['杭州', '5-7年经验', '本科', '招3人', '09-03发布']]"
Java开发实习生,成都酷云科技有限公司,成都-高新区,2-3千/月,"[[['专业培训'], ['周末双休'], ['节日福利']], ['成都-高新区', '无工作经验', '大专', '招若干人', '09-03发布', '计算机应用', '计算机科学与技术']]"
JAVA研发工程师,广州长川科技有限公司,广州-黄埔区,1-1.8万/月,"[[['五险一金'], ['员工旅游'], ['餐饮补贴'], ['专业培训'], ['绩效奖金'], ['年终奖金'], ['定期体检'], ['交通补贴'], ['通讯补贴']], ['广州-黄埔区', '3-4年经验', '本科', '招1人', '09-03发布', '普通话', '计算机科学与技术']]"
Java开发工程师,上海期货信息技术有限公司,上海-浦东新区,,"[[], ['上海-浦东新区', '3-4年经验', '本科', '招1人', '09-03发布']]"
Java高级开发工程师/PM,武汉亿房信息网络股份有限公司,武汉,1.2-1.5万/月,"[[['五险一金'], ['专业培训'], ['项目奖金'], ['周末双休']], ['武汉', '3-4年经验', '本科', '招1人', '09-03发布', '计算机科学与技术', '软件工程']]"
Java资深开发工程师,上海收付宝科技有限公司,上海-长宁区,1-1.7万/月,"[[], ['上海-长宁区', '3-4年经验', '本科', '招1人', '09-03发布', '英语熟练', '计算机网络', '信息安全']]"
Java开发工程师,上海乾视通信技术有限公司,上海-闵行区,1-2万/月,"[[['五险一金'], ['员工旅游'], ['餐饮补贴'], ['专业培训'], ['绩效奖金'], ['年终奖金'], ['股票期权']], ['上海-闵行区', '3-4年经验', '本科', '招1人', '09-03发布']]"
Java开发工程师—移互创新部,中数通信息有限公司,长沙-芙蓉区,0.9-1.3万/月,"[[['五险一金'], ['补充医疗保险'], ['餐饮补贴'], ['通讯补贴'], ['定期体检'], ['年终奖金']], ['长沙-芙蓉区', '3-4年经验', '本科', '招3人', '09-03发布']]"
Java高级开发工程师（园区）,苏州市伏泰信息科技股份有限公司,苏州,1.5-2万/月,"[[['五险一金'], ['年终奖金'], ['绩效奖金']], ['苏州', '5-7年经验', '本科', '招若干人', '09-03发布']]"
Java高级开发工程师,上海黄豆网络科技有限公司,上海-长宁区,2-3万/月,"[[['五险一金'], ['弹性工作'], ['定期体检'], ['餐饮补贴'], ['员工旅游'], ['年终奖金'], ['绩效奖金'], ['出国机会'], ['股票期权']], ['上海-长宁区', '3-4年经验', '本科', '招2人', '09-03发布']]"
高級JAVA工程師,GQY视讯股份有限公司,上海-黄浦区,1-1.5万/月,"[[['五险一金'], ['免费班车'], ['员工旅游'], ['餐饮补贴'], ['通讯补贴'], ['绩效奖金'], ['年终奖金'], ['定期体检']], ['上海-黄浦区', '无工作经验', '本科', '招若干人', '09-03发布']]"
java工程师（杨浦）,联印信息科技（上海）有限公司,上海-杨浦区,1-3万/月,"[[['五险一金'], ['免费班车']], ['上海-杨浦区', '3-4年经验', '大专', '招若干人', '09-03发布']]"
Java开发工程师,北京中星微电子有限公司,北京-海淀区,1-1.8万/月,"[[['补充医疗保险'], ['餐饮补贴'], ['通讯补贴'], ['定期体检'], ['绩效奖金'], ['不定期聚餐'], ['全额五险一金'], ['5天8小时']], ['北京-海淀区', '5-7年经验', '本科', '招2人', '09-03发布', '计算机科学与技术']]"
资深Java开发工程师,Rebatesme海淘返利网,上海-普陀区,20-30万/年,"[[['五险一金'], ['绩效奖金'], ['年终奖金'], ['弹性工作']], ['上海-普陀区', '无工作经验', '招若干人', '09-03发布']]"
Java开发工程师（同飞同翔***）,无锡市同步电子科技有限公司,无锡-滨湖区,3-5千/月,"[[], ['无锡-滨湖区', '3-4年经验', '本科', '招1人', '09-03发布']]"
Java高级开发工程师,广东联汛教育科技有限公司,广州,1-1.5万/月,"[[['五险一金'], ['弹性工作'], ['定期体检'], ['专业培训'], ['绩效奖金'], ['年终奖金'], ['员工旅游']], ['广州', '无工作经验', '招若干人', '09-03发布']]"
Java高级开发工程师,北京高阳金信信息技术有限公司,上海,1.5-2万/月,"[[], ['上海', '5-7年经验', '本科', '招若干人', '09-03发布']]"
Java工程师,江苏歌斐教育科技有限公司,苏州-工业园区,1.5-2万/月,"[[], ['苏州-工业园区', '3-4年经验', '大专', '招3人', '09-03发布']]"
Java高级软件工程师,智标科技有限公司,广州-南沙区,1-1.5万/月,"[[['五险一金'], ['朝九晚六'], ['周末双休'], ['各类补贴'], ['年度体检']], ['广州-南沙区', '5-7年经验', '本科', '招1人', '09-03发布']]"
JAVA开发工程师,上海久誉软件系统有限公司,上海,1-1.5万/月,"[[['五险一金'], ['绩效奖金'], ['补充医疗保险'], ['定期体检'], ['员工旅游'], ['餐饮补贴'], ['年终奖金']], ['上海', '3-4年经验', '本科', '招3人', '09-03发布', '普通话良好', '计算机科学与技术', '计算机应用']]"
JAVA软件开发工程师,广州天源信息科技股份有限公司,上海,0.6-1.8万/月,"[[['五险一金'], ['定期体检']], ['上海', '5-7年经验', '大专', '招1人', '09-03发布']]"
java工程师,上海巴士拓华科技发展有限公司,上海-浦东新区,0.8-1.8万/月,"[[['专业培训'], ['员工旅游']], ['上海-浦东新区', '3-4年经验', '大专', '招1人', '09-03发布', '电子信息科学与技术']]"
Java开发工程师,上海泰优汇实业(集团)有限公司,上海-徐汇区,1.8-2.1万/月,"[[['周末双休'], ['五险一金'], ['餐饮补贴'], ['年终奖金'], ['绩效奖金'], ['定期体检']], ['上海-徐汇区', '3-4年经验', '大专', '招1人', '09-03发布']]"
JAVA中级工程师,南京欣华软件技术有限公司,南京,0.6-1.2万/月,"[[['五险一金'], ['绩效奖金'], ['股票期权'], ['弹性工作']], ['南京', '3-4年经验', '大专', '招4人', '09-03发布']]"
开发工程师（JAVA/C）,东软软件（武汉）,武汉-江夏区,4.5-6千/月,"[[], ['武汉-江夏区', '无工作经验', '大专', '招10人', '09-03发布']]"
java软件工程师,郑州三友软件科技有限公司,成都,4.5-6千/月,"[[['五险一金'], ['年终奖金'], ['专业培训'], ['补充医疗保险'], ['加班工资']], ['成都', '1年经验', '本科', '招5人', '09-03发布', '普通话']]"
Java开发经理,山东博正中联信息科技股份有限公司,济南-高新区,1-1.5万/月,"[[['五险一金'], ['年终奖金'], ['定期体检'], ['餐补'], ['通讯补贴'], ['带薪年假'], ['节假日福利']], ['济南-高新区', '无工作经验', '招2人', '09-03发布']]"
JAVA软件工程师,上海警辉电子科技有限公司,上海-闵行区,0.5-1万/月,"[[['五险一金'], ['通讯补贴'], ['餐饮补贴'], ['免费班车'], ['年终奖金']], ['上海-闵行区', '3-4年经验', '本科', '招2人', '09-03发布']]"
Java开发工程师,牧中（上海）物联网科技有限公司,上海-静安区,1-1.5万/月,"[[['五险一金'], ['员工旅游'], ['交通补贴'], ['餐饮补贴'], ['通讯补贴'], ['年终奖金']], ['上海-静安区', '3-4年经验', '本科', '招10人', '09-03发布']]"
java开发工程师,深圳市闻诺科技有限公司,深圳-宝安区,1-2万/月,"[[], ['深圳-宝安区', '3-4年经验', '本科', '招1人', '09-03发布']]"
Java开发实习生,杭州仁卓软件有限公司,杭州-滨江区,4-6千/月,"[[['定期体检'], ['绩效奖金'], ['员工旅游'], ['补充公积金'], ['专业培训'], ['五险一金']], ['杭州-滨江区', '无工作经验', '大专', '招若干人', '09-03发布']]"
Java高级开发工程师,江苏达海智能系统股份有限公司,上海-杨浦区,1.5-2.5万/月,"[[['五险一金'], ['专业培训'], ['绩效奖金'], ['定期体检']], ['上海-杨浦区', '2年经验', '本科', '招若干人', '09-03发布']]"
JAVA开发工程师,北京文创思宇科技发展有限公司,北京-西城区,0.8-1.5万/月,"[[], ['北京-西城区', '3-4年经验', '本科', '招3人', '09-03发布', '英语精通']]"
Java高级开发工程师,上海欣方信息科技有限公司,上海,1-2.5万/月,"[[['五险一金'], ['绩效奖金'], ['补充医疗保险'], ['定期体检'], ['弹性工作'], ['员工旅游']], ['上海', '无工作经验', '招2人', '09-03发布']]"
Java资深开发工程师,雷技信息科技（上海）有限公司南京...,南京-建邺区,1.5-2万/月,"[[['五险一金'], ['弹性工作'], ['定期体检'], ['专业培训'], ['出国机会'], ['绩效奖金'], ['员工旅游'], ['年终奖金']], ['南京-建邺区', '5-7年经验', '本科', '招1人', '09-03发布']]"
高级开发工程师（Java）（创新产品部）,北京卓信智恒数据科技股份有限公司,长沙-雨花区,0.9-1.2万/月,"[[['五险一金'], ['补充医疗保险'], ['通讯补贴'], ['绩效奖金'], ['年终奖金'], ['定期体检'], ['节日福利']], ['长沙-雨花区', '无工作经验', '招2人', '09-03发布']]"
Java开发工程师/Java软件工程师,广东放假国际旅游股份有限公司,深圳-福田区,1-1.5万/月,"[[], ['深圳-福田区', '2年经验', '大专', '招2人', '09-03发布']]"
JAVA软件开发工程师,南京铁行网络科技有限公司,南京-秦淮区,0.8-1.5万/月,"[[['五险一金'], ['绩效奖金'], ['员工旅游'], ['年终奖金'], ['专业培训'], ['餐饮补贴'], ['交通补贴']], ['南京-秦淮区', '2年经验', '招4人', '09-03发布']]"
Java开发工程师,北京裕翔创力科技有限责任公司,西安,1-1.5万/月,"[[['五险一金'], ['员工旅游'], ['出国机会'], ['年终奖金'], ['绩效奖金'], ['专业培训']], ['西安', '3-4年经验', '大专', '招10人', '09-03发布']]"
Java开发工程师,深圳云网联合手机通讯有限公司,深圳-龙华新区,1.5-3万/月,"[[['五险一金'], ['餐饮补贴'], ['弹性工作'], ['定期体检'], ['绩效奖金'], ['年终奖金'], ['员工旅游']], ['深圳-龙华新区', '3-4年经验', '本科', '招3人', '09-03发布', '计算机工程', '软件工程']]"
Java开发工程师,江苏江波信息科技股份有限公司,南京,4.5-8千/月,"[[['餐饮补贴'], ['年终奖金'], ['五险一金']], ['南京', '3-4年经验', '本科', '招1人', '09-03发布']]"
资深JAVA工程师,成都天普企业管理咨询有限公司,成都-高新区,1.8-2.5万/月,"[[], ['成都-高新区', '无工作经验', '本科', '招若干人', '09-03发布']]"
JAVA高级架构师,慧影医疗科技（北京）有限公司,北京-海淀区,3-5万/月,"[[['五险一金'], ['专业培训'], ['出国机会'], ['年终奖金'], ['绩效奖金'], ['弹性工作']], ['北京-海淀区', '5-7年经验', '本科', '招1人', '09-03发布']]"
JAVA高级软件工程师,异联信息技术（上海）有限公司,上海-静安区,6-8千/月,"[[['五险一金'], ['定期体检'], ['员工旅游'], ['专业培训'], ['年终奖金']], ['上海-静安区', '2年经验', '大专', '招若干人', '09-03发布', '英语良好', '计算机科学与技术', '软件工程']]"
JAVA 程序员（中级/高级)-CAIDAO才到,上海云武华科技有限公司,上海-徐汇区,1.5-2.5万/月,"[[['五险一金'], ['补充医疗保险'], ['股票期权'], ['员工旅游'], ['年终奖金'], ['弹性工作'], ['电脑补贴']], ['上海-徐汇区', '3-4年经验', '大专', '招2人', '09-03发布']]"
Java开发工程师,苏州麦迪斯顿医疗科技股份有限公司,苏州,0.8-1万/月,"[[['做五休二'], ['周末双休'], ['五险一金'], ['免费班车'], ['绩效奖金'], ['餐饮补贴']], ['苏州', '3-4年经验', '本科', '招5人', '09-03发布']]"
Java开发工程师,重庆数字城市科技有限公司,重庆-渝北区,0.5-1.2万/月,"[[['五险一金'], ['绩效奖金'], ['定期体检'], ['餐饮补贴'], ['专业培训'], ['年底双薪'], ['节日福利'], ['高温补贴'], ['带薪年假']], ['重庆-渝北区', '无工作经验', '招3人', '09-03发布']]"
java开发工程师(J11263),上海易果电子商务有限公司,上海-长宁区,1.2-2.5万/月,"[[['五险一金'], ['定期体检'], ['专业培训'], ['员工旅游'], ['年终奖金']], ['上海-长宁区', '5-7年经验', '本科', '招2人', '09-03发布']]"
Java高级开发工程师,广东海启星海洋科技有限公司,广州-番禺区,13-40万/年,"[[['五险一金'], ['交通补贴'], ['餐饮补贴'], ['通讯补贴'], ['专业培训'], ['绩效奖金'], ['定期体检']], ['广州-番禺区', '3-4年经验', '本科', '招1人', '09-03发布']]"
Java中级工程师,伟仕佳杰控股有限公司,深圳-南山区,1-1.5万/月,"[[['五险一金'], ['定期体检'], ['年终奖金'], ['员工旅游']], ['深圳-南山区', '3-4年经验', '本科', '招1人', '09-03发布']]"
Java服务器端开发工程师,深圳市通程软件开发有限公司,深圳-龙华新区,1-1.5万/月,"[[['五险一金'], ['员工旅游'], ['年终奖金'], ['节日福利'], ['住房补贴']], ['深圳-龙华新区', '3-4年经验', '大专', '招2人', '09-03发布']]"
高级java开发工程师,苏州神海港航数据服务有限公司,苏州-工业园区,1-1.8万/月,"[[], ['苏州-工业园区', '5-7年经验', '本科', '招2人', '09-03发布']]"
Java开发工程师,大连晶和信科技有限公司,大连-高新园区,4.5-6千/月,"[[], ['大连-高新园区', '2年经验', '大专', '招若干人', '09-03发布']]"
JAVA开发工程师,鹏讯科技（大连）有限公司,大连-高新园区,0.8-1.2万/月,"[[], ['大连-高新园区', '2年经验', '招3人', '09-03发布']]"
Java工程师（财务系统）,携程旅行网IT技术区,上海-长宁区,20-30万/年,"[[['弹性工作'], ['五险一金'], ['餐饮补贴'], ['绩效奖金']], ['上海-长宁区', '无工作经验', '招若干人', '09-03发布']]"
Java高级开发工程师,武汉市有余乐科技有限公司,武汉-洪山区,0.8-1.5万/月,"[[['带薪年假'], ['五险一金'], ['节日福利'], ['绩效奖金'], ['年终奖金'], ['弹性工作'], ['员工旅游'], ['生日惊喜']], ['武汉-洪山区', '3-4年经验', '大专', '招3人', '09-03发布']]"
Java开发工程师,深圳森香科技有限公司,深圳-南山区,1.5-3万/月,"[[['五险一金'], ['员工旅游'], ['定期体检'], ['节日福利'], ['年底双薪'], ['餐饮补贴']], ['深圳-南山区', '5-7年经验', '本科', '招3人', '09-03发布']]"
高级Java开发工程师,深圳传音控股股份有限公司,深圳-南山区,1.5-2.5万/月,"[[], ['深圳-南山区', '无工作经验', '大专', '招1人', '09-03发布']]"
java工程师,东莞市政邦网络科技有限公司,东莞-南城区,1.2-2.5万/月,"[[['五险一金'], ['补充医疗保险'], ['补充公积金'], ['员工旅游'], ['餐饮补贴'], ['通讯补贴'], ['专业培训'], ['绩效奖金'], ['年终奖金'], ['弹性工作']], ['东莞-南城区', '3-4年经验', '本科', '招2人', '09-03发布', '英语熟练']]"
Java开发工程师,北京南北天地科技股份有限公司广州...,广州-天河区,0.7-1万/月,"[[['五险一金'], ['补充公积金'], ['员工旅游'], ['交通补贴'], ['餐饮补贴'], ['通讯补贴'], ['专业培训'], ['绩效奖金'], ['定期体检'], ['出差补贴']], ['广州-天河区', '2年经验', '招5人', '09-03发布']]"
java工程师(中高级）,深圳鹏锐信息技术股份有限公司,深圳-南山区,1-2.5万/月,"[[['五险一金'], ['弹性工作'], ['周末双休'], ['下午茶'], ['员工旅游'], ['工作日餐补'], ['年假15天']], ['深圳-南山区', '无工作经验', '大专', '招若干人', '09-03发布']]"
Java高级开发工程师,上海商桥供应链服务有限公司,上海-青浦区,1.5-2.5万/月,"[[], ['上海-青浦区', '无工作经验', '招2人', '09-03发布']]"
资深Java开发工程师,上海慧龙计算机系统有限公司,上海-普陀区,1.5-2.2万/月,"[[['五险一金'], ['员工旅游'], ['餐饮补贴'], ['年终奖金'], ['交通补贴']], ['上海-普陀区', '3-4年经验', '本科', '招2人', '09-03发布', '英语良好']]"
高级研发工程师(JAVA),安徽博领网络科技有限公司,合肥-蜀山区,0.8-1.5万/月,"[[['女生节'], ['员工旅游'], ['交通补贴'], ['餐饮补贴'], ['通讯补贴'], ['绩效奖金'], ['年终奖金'], ['节日福利'], ['项目提成']], ['合肥-蜀山区', '5-7年经验', '大专', '招2人', '09-03发布']]"
Java高级开发工程师/Team Leader,上海茵实企业管理咨询有限公司,上海-静安区,2.5-4万/月,"[[], ['上海-静安区', '10年以上经验', '本科', '招2人', '09-03发布', '英语']]"
Java高级开发工程师,年享人力资源管理（上海）有限公司,上海-黄浦区,2-2.5万/月,"[[['五险一金'], ['定期体检'], ['绩效奖金'], ['年终奖金'], ['员工旅游']], ['上海-黄浦区', '3-4年经验', '本科', '招1人', '09-03发布', '英语熟练', '计算机科学与技术']]"
集团客户体验事业群-Java架构师-杭州,阿里巴巴集团,杭州,,"[[], ['杭州', '5-7年经验', '本科', '招15人', '09-03发布']]"
Java高级开发工程师,广州漫漫数码科技有限公司,广州,1-1.5万/月,"[[], ['广州', '5-7年经验', '大专', '招3人', '09-03发布', '普通话']]"
Java开发工程师,南京多邦软件有限公司,南京,0.7-1万/月,"[[['五险一金'], ['员工旅游'], ['交通补贴'], ['餐饮补贴'], ['定期体检'], ['年终奖金'], ['绩效奖金']], ['南京', '1年经验', '本科', '招5人', '09-03发布', '英语良好', '计算机科学与技术', '电子信息科学与技术']]"
java高级开发工程师,广州市知微科技有限公司,广州-天河区,1-1.5万/月,"[[['五险一金'], ['员工旅游'], ['交通补贴'], ['餐饮补贴'], ['专业培训'], ['年终奖金'], ['定期体检']], ['广州-天河区', '3-4年经验', '大专', '招1人', '09-03发布']]"
Java软件开发（应届生）,山东舜德数据管理软件工程有限公司,济南,3-4千/月,"[[['五险一金'], ['绩效奖金'], ['专业培训'], ['餐饮补贴'], ['年终奖金']], ['济南', '无工作经验', '本科', '招3人', '09-03发布']]"
初级Java/Android移动开发助理,河南金云文化传播有限公司,郑州,3-5.3千/月,"[[['五险一金'], ['补充医疗保险'], ['补充公积金'], ['员工旅游'], ['餐饮补贴'], ['年终奖金'], ['绩效奖金'], ['定期体检'], ['出国机会']], ['郑州', '无工作经验', '大专', '招3人', '09-03发布']]"
Java高级开发工程师,深圳市艾佳威信息技术有限公司,深圳-龙华新区,10-15万/年,"[[['绩效奖金'], ['年终奖金'], ['餐饮补贴'], ['五险一金'], ['交通补贴'], ['通讯补贴'], ['弹性工作'], ['定期体检']], ['深圳-龙华新区', '5-7年经验', '本科', '招2人', '09-03发布']]"
Java开发工程师,重庆大数据研究院有限公司,重庆-渝北区,0.6-1万/月,"[[['五险一金'], ['交通补贴'], ['通讯补贴'], ['定期体检'], ['带薪年假']], ['重庆-渝北区', '3-4年经验', '本科', '招2人', '09-03发布']]"
JAVA开发工程师,天津市八彦图信息科技有限公司,天津-和平区,0.8-1.5万/月,"[[['五险一金'], ['绩效奖金'], ['午餐'], ['法定假期'], ['周末双休']], ['天津-和平区', '3-4年经验', '本科', '招1人', '09-03发布']]"
Java开发工程师,上海凌脉网络科技股份有限公司,无锡-无锡新区,0.8-1万/月,"[[['五险一金'], ['餐饮补贴'], ['通讯补贴'], ['绩效奖金'], ['年终奖金'], ['股票期权'], ['员工旅游']], ['无锡-无锡新区', '3-4年经验', '大专', '招4人', '09-03发布', '普通话熟练']]"
JAVA软件工程师,北京华正世纪软件技术有限公司,北京-石景山区,0.7-1.5万/月,"[[['五险一金'], ['绩效奖金'], ['定期体检'], ['餐饮补贴'], ['年终奖金']], ['北京-石景山区', '2年经验', '本科', '招2人', '09-03发布', '计算机科学', '软件工程']]"
Java JS去日软件工程师,沈阳探路者科技有限公司,异地招聘,1.5-3万/月,"[[['五险一金'], ['交通补贴'], ['餐饮补贴'], ['出国机会'], ['年终奖金'], ['定期体检'], ['专业培训'], ['员工旅游']], ['国外', '1年经验', '本科', '招10人', '09-03发布', '英语良好', '日语一般', '计算机科学与技术', '日语']]"
软件工程师-JAVA开发,珠海市震星信息技术有限公司,珠海,6-8千/月,"[[['五险一金'], ['补充医疗保险'], ['补充公积金'], ['餐饮补贴'], ['年终奖金'], ['定期体检']], ['珠海', '2年经验', '本科', '招5人', '09-03发布', '英语']]"
Java开发工程师 (MJ001322),欢聚时代（多玩YY）,异地招聘,1.4-1.8万/月,"[[], ['广东省', '3-4年经验', '本科', '招1人', '09-03发布']]"
Java技术经理,江西金融登记结算中心有限公司,深圳-南山区,20-30万/年,"[[['五险一金'], ['员工旅游'], ['交通补贴'], ['餐饮补贴'], ['通讯补贴'], ['绩效奖金'], ['年终奖金'], ['定期体检']], ['深圳-南山区', '无工作经验', '本科', '招1人', '09-03发布']]"
JAVA高级软件工程师,燕梭金融信息科技（上海）有限公司,上海-浦东新区,0.9-1.8万/月,"[[['免费班车'], ['餐饮补贴'], ['专业培训'], ['绩效奖金'], ['五险一金'], ['员工旅游'], ['年终奖金']], ['上海-浦东新区', '3-4年经验', '本科', '招5人', '09-03发布']]"
Java开发工程师,华君智慧信息科技（北京）有限公司,北京-朝阳区,1-2万/月,"[[['五险一金'], ['交通补贴'], ['餐饮补贴'], ['通讯补贴'], ['弹性工作']], ['北京-朝阳区', '3-4年经验', '本科', '招6人', '09-03发布', '英语', '计算机科学与技术', '软件工程']]"
JAVA高级软件开发工程师,南京朗赢信息技术有限公司,南京,1-1.5万/月,"[[], ['南京', '3-4年经验', '本科', '招5人', '09-03发布']]"
Java开发工程师,上海盈策信息技术有限公司,上海-宝山区,0.6-1万/月,"[[['五险一金'], ['员工旅游'], ['专业培训'], ['通讯补贴']], ['上海-宝山区', '1年经验', '大专', '招2人', '09-03发布']]"
Java开发工程师,上海锐聘信息技术有限公司,上海-浦东新区,1.8-2.5万/月,"[[['五险一金'], ['绩效奖金'], ['节日福利'], ['带薪休假']], ['上海-浦东新区', '5-7年经验', '本科', '招3人', '09-03发布']]"
JAVA高级开发工程师,上海爱会客信息科技有限公司,上海-徐汇区,1.5-2.5万/月,"[[], ['上海-徐汇区', '5-7年经验', '本科', '招3人', '09-03发布']]"
Java开发工程师(可短期或者长期出差日本),南通苏慧信息技术有限公司,上海,1.5-2万/月,"[[['五险一金'], ['出国机会']], ['上海', '3-4年经验', '本科', '招若干人', '09-03发布']]"
JAVA开发工程师,北京科怡适达科技发展有限公司,北京-朝阳区,6-8千/月,"[[], ['北京-朝阳区', '无工作经验', '招若干人', '09-03发布', '普通话熟练', '英语熟练', '软件工程', '计算机应用']]"
JAVA工程师,广州日顺电子科技有限公司,广州-天河区,0.6-1.1万/月,"[[['五险'], ['午餐补贴'], ['单双休'], ['五险一金']], ['广州-天河区', '2年经验', '本科', '招2人', '09-03发布', '计算机应用', '计算机科学与技术']]"
JAVA中高级开发工程师,广东明世教育集团有限公司,广州-番禺区,0.8-1.5万/月,"[[['五险一金'], ['年终奖金'], ['定期体检'], ['绩效奖金'], ['专业培训'], ['员工旅游']], ['广州-番禺区', '1年经验', '大专', '招2人', '09-03发布']]"
Java开发工程师,北京博雅智学软件股份有限公司,北京-海淀区,1-2万/月,"[[['五险一金'], ['餐饮补贴'], ['定期体检'], ['年终奖金'], ['14薪']], ['北京-海淀区', '3-4年经验', '大专', '招1人', '09-03发布']]"
Java软件工程师,南京远光广安信息科技有限公司,异地招聘,0.6-1.2万/月,"[[['五险一金'], ['员工旅游'], ['通讯补贴'], ['定期体检'], ['弹性工作'], ['餐饮补贴'], ['绩效奖金'], ['专业培训']], ['武汉', '1年经验', '本科', '招2人', '09-03发布', '计算机应用']]"
java后端开发,广州幽蓝信息科技有限公司,广州-天河区,0.8-1.5万/月,"[[['五险一金'], ['员工旅游'], ['餐饮补贴'], ['专业培训'], ['绩效奖金'], ['年终奖金'], ['定期体检'], ['弹性工作'], ['通讯补贴']], ['广州-天河区', '3-4年经验', '本科', '招3人', '09-03发布', '软件工程', '计算机科学与技术']]"
高级Java开发工程师,重庆米智信息技术有限公司,重庆,1-1.2万/月,"[[['五险一金'], ['员工旅游'], ['餐饮补贴'], ['年终奖金'], ['定期体检']], ['重庆', '5-7年经验', '大专', '招3人', '09-03发布']]"
Java开发工程师,电讯盈科企业方案,北京,0.8-1.5万/月,"[[['周末双休'], ['带薪年假'], ['五险一金'], ['节日福利'], ['补充医疗保险'], ['通讯补贴'], ['交通补贴'], ['弹性工作'], ['定期体检']], ['北京', '2年经验', '本科', '招若干人', '09-03发布']]"
月薪15K  java开发（三年经验）,迪昆集团,广州,1.5-2万/月,"[[['做五休二'], ['交通补贴'], ['餐饮补贴'], ['免费班车'], ['带薪年假'], ['全勤奖'], ['节日福利'], ['专业培训'], ['五险一金'], ['加班补贴']], ['广州', '2年经验', '本科', '招若干人', '09-03发布']]"
java开发人员,青岛米果网络有限公司,青岛-市北区,6-8千/月,"[[['五险一金'], ['餐饮补贴'], ['绩效奖金'], ['年终奖金'], ['专业培训']], ['青岛-市北区', '1年经验', '大专', '招2人', '09-03发布']]"
高级Java后台工程师,上海聚鹏科技有限公司,上海-徐汇区,1.5-3万/月,"[[['五险一金'], ['员工旅游'], ['年终奖金'], ['弹性工作'], ['下午茶'], ['定期体检']], ['上海-徐汇区', '3-4年经验', '本科', '招2人', '09-03发布']]"
Java高级软件开发工程师,上海亿业网络科技发展有限公司,上海-浦东新区,1-2万/月,"[[['绩效奖金'], ['专业培训'], ['补充医疗保险'], ['定期体检'], ['员工旅游'], ['五险一金'], ['年终奖金']], ['上海-浦东新区', '3-4年经验', '本科', '招2人', '09-03发布', '英语熟练', '计算机科学与技术', '软件工程']]"
Java开发工程师,昆山厚声电子工业有限公司,昆山,0.8-1万/月,"[[['五险一金'], ['员工旅游'], ['餐饮补贴'], ['出国机会'], ['绩效奖金'], ['年终奖金']], ['昆山', '无工作经验', '招5人', '09-03发布']]"
Java高级开发工程师,云雀科技成都有限责任公司,成都-高新区,1.2-1.8万/月,"[[['五险一金'], ['员工旅游'], ['绩效奖金'], ['年终奖金'], ['股票期权'], ['弹性工作'], ['定期体检']], ['成都-高新区', '2年经验', '本科', '招1人', '09-03发布']]"
Java开发工程师(双休+五险）,沈阳远信华通科技有限公司,沈阳,3-4.5千/月,"[[['五险一金'], ['包吃'], ['周末双休'], ['弹性工作'], ['带薪年假'], ['交通补贴'], ['节日福利'], ['加班补贴'], ['餐饮补贴']], ['沈阳', '无工作经验', '大专', '招若干人', '09-03发布']]"
JAVA软件开发实习生,中高软信息技术（北京）有限公司,北京-海淀区,5-9千/月,"[[], ['北京-海淀区', '无工作经验', '大专', '招5人', '09-03发布']]"
Java软件工程师（金融）,江苏睿希信息科技有限公司,南京-玄武区,6-9千/月,"[[], ['南京-玄武区', '1年经验', '招2人', '09-03发布']]"
数学/应用数学转Java软件开发,西安利和时代互联网科技有限公司,西安-雁塔区,4.5-6千/月,"[[['五险一金'], ['员工旅游'], ['交通补贴'], ['餐饮补贴'], ['专业培训'], ['绩效奖金']], ['西安-雁塔区', '无工作经验', '大专', '招10人', '09-03发布']]"
Java开发工程师,东莞市合景实业发展有限公司,东莞-莞城区,1-2万/月,"[[['五险一金'], ['弹性工作'], ['绩效奖金'], ['员工旅游'], ['提供午餐'], ['提供住宿']], ['东莞-莞城区', '5-7年经验', '大专', '招若干人', '09-03发布', '软件工程', '计算机科学与技术']]"
Java架构师,小码联城,武汉-江岸区,1.5-2.5万/月,"[[['五险一金'], ['弹性工作'], ['定期体检'], ['餐饮补贴'], ['绩效奖金'], ['年终奖金'], ['交通补贴'], ['员工旅游']], ['武汉-江岸区', '3-4年经验', '本科', '招1人', '09-03发布']]"
Java开发工程师,北京推题科技有限公司,北京-海淀区,1.3-1.8万/月,"[[], ['北京-海淀区', '1年经验', '本科', '招2人', '09-03发布']]"
JAVA开发经理,广州埃沃定制科技股份有限公司（I...,广州-越秀区,1.5-2万/月,"[[['五险一金'], ['专业培训']], ['广州-越秀区', '无工作经验', '大专', '招1人', '09-03发布']]"
Java开发主管,上海澜赢信息技术有限公司,上海-徐汇区,1.5-2万/月,"[[['五险一金'], ['员工旅游'], ['餐饮补贴'], ['专业培训'], ['年终奖金'], ['带薪年假']], ['上海-徐汇区', '3-4年经验', '本科', '招2人', '09-03发布', '计算机应用', '软件工程']]"
Java工程师,广州正虹环境科技有限公司,广州,0.6-1万/月,"[[['五险一金'], ['周末双休'], ['免费班车'], ['通讯补贴'], ['年终奖金'], ['定期体检'], ['带薪假期'], ['节日福利'], ['全勤奖']], ['广州', '1年经验', '大专', '招若干人', '09-03发布']]"
Java开发工程师,北京荣码信息科技有限公司,北京-朝阳区,1.5-2.5万/月,"[[], ['北京-朝阳区', '3-4年经验', '本科', '招5人', '09-03发布', '软件工程', '计算机科学与技术']]"
高级java软件工程师,北京东方坦达科技有限公司,北京-海淀区,1-1.5万/月,"[[], ['北京-海淀区', '5-7年经验', '本科', '招若干人', '09-03发布', '英语良好']]"
JAVA开发工程师,山东百望九赋信息科技有限公司,济南,1-1.5万/月,"[[['绩效奖金'], ['通讯补贴'], ['弹性工作'], ['交通补贴']], ['济南', '无工作经验', '招1人', '09-03发布']]"
java开发工程师,南京新街口百货商店股份有限公司,南京,8-15万/年,"[[['五险一金'], ['定期体检'], ['餐饮补贴'], ['节日福利'], ['生日慰问']], ['南京', '3-4年经验', '招2人', '09-03发布']]"
Java开发工程师,琪昶科技有限公司,异地招聘,1-1.5万/月,"[[['员工旅游'], ['交通补贴'], ['年终奖金'], ['绩效奖金'], ['专业培训'], ['定期体检'], ['弹性工作'], ['通讯补贴']], ['昆山', '3-4年经验', '本科', '招3人', '09-03发布', '计算机工程']]"
Java后台开发工程师,苏州朗拓软件有限公司,苏州,1-2万/月,"[[['五险一金'], ['员工旅游'], ['年终奖金'], ['定期体检']], ['苏州', '3-4年经验', '本科', '招2人', '09-03发布']]"
Java中级开发工程师,辽宁华夏天通安防工程股份有限公司,沈阳,6-8千/月,"[[['五险一金'], ['餐饮补贴'], ['做五休二']], ['沈阳', '2年经验', '本科', '招1人', '09-03发布']]"
Java高级开发工程师,深圳市百米生活股份有限公司,深圳-龙华新区,1-1.5万/月,"[[['五险一金'], ['周末双休'], ['办公环境好'], ['福利齐全']], ['深圳-龙华新区', '3-4年经验', '大专', '招1人', '09-03发布']]"
Java高级开发工程师,广东南方网络电视传媒有限公司,广州-海珠区,0.8-1.5万/月,"[[['五险一金'], ['员工旅游'], ['交通补贴'], ['通讯补贴'], ['专业培训'], ['绩效奖金'], ['年终奖金'], ['定期体检']], ['广州-海珠区', '3-4年经验', '大专', '招1人', '09-03发布']]"
JAVA开发工程师,云南紫牛科技有限公司,昆明,0.5-1万/月,"[[['五险一金'], ['绩效奖金'], ['年终奖金']], ['昆明', '2年经验', '本科', '招6人', '09-03发布']]"
初级JAVA开发工程师,无锡雅座在线科技股份有限公司,无锡,6-8千/月,"[[['五险一金'], ['餐饮补贴'], ['补充医疗保险'], ['专业培训'], ['绩效奖金'], ['弹性工作']], ['无锡', '无工作经验', '本科', '招10人', '09-03发布', '计算机科学与技术', '软件工程']]"
Java开发工程师,上海科旭网络科技股份有限公司,上海,0.8-1.2万/月,"[[['五险一金']], ['上海', '2年经验', '大专', '招1人', '09-03发布']]"
Java服务器开发工程师,上海米娱网络科技有限公司,广州-天河区,1-1.5万/月,"[[['五险一金'], ['员工旅游'], ['绩效奖金'], ['年终奖金'], ['弹性工作'], ['定期体检'], ['专业培训']], ['广州-天河区', '无工作经验', '招若干人', '09-03发布']]"
Java开发工程师,南京思马特软件科技有限公司,异地招聘,0.5-1万/月,"[[], ['南京-浦口区', '无工作经验', '招2人', '09-03发布']]"
Java高级开发工程师,辽宁聚进科技有限公司,鞍山,0.8-1.5万/月,"[[['五险一金'], ['补充医疗保险'], ['交通补贴'], ['餐饮补贴'], ['绩效奖金'], ['项目奖金'], ['商业保险'], ['满勤奖']], ['鞍山', '5-7年经验', '招5人', '09-03发布']]"
微信新媒体大V招聘Web、java、小程序开发工程师,西安读书躬行文化传媒有限公司,西安,0.6-1万/月,"[[['弹性工作'], ['绩效奖金'], ['五险一金'], ['股票期权']], ['西安', '1年经验', '本科', '招1人', '09-03发布']]"
Senior Java Developer,爱克发医疗科技（上海）有限公司,上海,2-2.5万/月,"[[['五险一金'], ['补充医疗保险'], ['员工旅游'], ['专业培训'], ['年终奖金'], ['定期体检'], ['绩效奖金'], ['弹性工作']], ['上海', '3-4年经验', '本科', '招1人', '09-03发布', '英语熟练', '计算机科学与技术', '软件工程']]"
JAVA前端页面开发工程师（大数据）(J11757),金域检验集团,广州,,"[[['五险一金'], ['交通补贴'], ['餐饮补贴'], ['专业培训'], ['绩效奖金'], ['周末双休'], ['带薪年假'], ['节日福利'], ['体检']], ['广州', '无工作经验', '招1人', '09-03发布']]"
Java开发工程师,北京云点联动科技发展有限公司,北京-朝阳区,1.5-2万/月,"[[['周末双休'], ['弹性工作'], ['节日福利'], ['补充医疗保险'], ['年终奖金']], ['北京-朝阳区', '3-4年经验', '大专', '招1人', '09-03发布']]"
java服务器端开发工程师,北京神奇时代网络有限公司,北京,1-1.5万/月,"[[], ['北京', '3-4年经验', '大专', '招1人', '09-03发布']]"
Java软件工程师,东莞市亿洲胶粘制品有限公司,东莞-长安镇,0.8-1万/月,"[[['五险一金'], ['员工旅游'], ['年终奖金'], ['定期体检'], ['专业培训'], ['包吃包住'], ['绩效奖金']], ['东莞-长安镇', '1年经验', '大专', '招1人', '09-03发布', '普通话熟练', '英语良好', '计算机应用', '计算机信息管理']]"
java开发工程师,深圳鲁班到家科技有限公司,深圳-宝安区,1-1.5万/月,"[[['五险一金'], ['员工旅游'], ['专业培训'], ['年终奖金'], ['绩效奖金']], ['深圳-宝安区', '3-4年经验', '大专', '招1人', '09-03发布', '电子信息科学与技术', '信息科学技术']]"
Java开发工程师,北京创鸿展信息技术有限公司,北京-海淀区,1-1.5万/月,"[[['五险一金'], ['年终奖金'], ['弹性工作'], ['员工旅游']], ['北京-海淀区', '5-7年经验', '大专', '招1人', '09-03发布']]"
Java开发工程师,广州咨元信息科技有限公司,广州-天河区,0.8-1.2万/月,"[[['五险一金'], ['补充医疗保险'], ['通讯补贴']], ['广州-天河区', '3-4年经验', '本科', '招若干人', '09-03发布']]"
Java高级开发工程师（金融行业）,上海金指软件技术有限公司,上海-浦东新区,1.5-2.2万/月,"[[['五险一金'], ['餐饮补贴'], ['定期体检'], ['专业培训'], ['免费班车'], ['员工旅游'], ['交通补贴'], ['年终奖金'], ['股票期权'], ['绩效奖金']], ['上海-浦东新区', '5-7年经验', '本科', '招10人', '09-03发布']]"
Java软件工程师（3年以上经验，外包）,南京青花瓷软件科技有限公司,南京-雨花台区,0.7-1.2万/月,"[[['五险一金'], ['绩效奖金'], ['员工旅游'], ['交通补贴'], ['免费班车'], ['餐饮补贴'], ['通讯补贴'], ['年终奖金'], ['定期旅游']], ['南京-雨花台区', '3-4年经验', '中专', '招若干人', '09-03发布', '英语一般']]"
Java开发工程师,重庆并连网络科技有限公司,郑州-中原区,0.5-1.5万/月,"[[], ['郑州-中原区', '2年经验', '大专', '招10人', '09-03发布']]"
JAVA软件开发程师,北京中认环宇信息安全技术有限公司,北京-丰台区,1-1.5万/月,"[[['五险一金'], ['补充医疗保险'], ['交通补贴'], ['餐饮补贴'], ['定期体检']], ['北京-丰台区', '1年经验', '本科', '招3人', '09-03发布', '普通话', '软件工程']]"
中级java工程师,北京尚博信科技有限公司,广州-天河区,0.7-1.4万/月,"[[['五天工作制'], ['年终奖金'], ['员工旅游'], ['五险一金']], ['广州-天河区', '2年经验', '大专', '招5人', '09-03发布']]"
急招java开发程序员（接受实习生，双休）,唯迅设计,合肥-蜀山区,4.5-6千/月,"[[], ['合肥-蜀山区', '无工作经验', '大专', '招2人', '09-03发布']]"
（海同）Java教员,上海隆耀网络科技有限公司,上海,1.5-2万/月,"[[['五险一金'], ['员工旅游'], ['专业培训'], ['出国机会'], ['定期体检'], ['年终奖金'], ['绩效奖金'], ['做五休二'], ['周末双休'], ['带薪年假']], ['上海', '无工作经验', '大专', '招1人', '09-03发布']]"
Snr Java developer,NeuLion中国,上海-长宁区,1.5-2.5万/月,"[[['五险一金'], ['出国机会'], ['定期体检'], ['弹性工作'], ['餐饮补贴'], ['员工旅游'], ['年终奖金'], ['地铁旁边']], ['上海-长宁区', '无工作经验', '本科', '招若干人', '09-03发布', '英语']]"
java软件开发工程师,上海华立软件系统有限公司,上海,6-8千/月,"[[['五险一金'], ['补充公积金'], ['交通补贴'], ['通讯补贴'], ['定期体检']], ['上海', '1年经验', '招4人', '09-03发布', '信息与计算科学', '计算机科学与技术']]"
高级Java开发工程师,深圳国泰安教育技术股份有限公司,深圳-南山区,1.5-2.2万/月,"[[['五险一金'], ['弹性工作'], ['年终奖金'], ['绩效奖金']], ['深圳-南山区', '无工作经验', '招3人', '09-03发布']]"
Java开发工程师,重庆琢岳互联网科技有限公司,重庆-渝北区,6-8千/月,"[[['五险'], ['生日福利'], ['节日福利'], ['带薪年假']], ['重庆-渝北区', '3-4年经验', '大专', '招2人', '09-03发布']]"
Java开发工程师,华科优建（武汉）工程信息发展有限...,武汉,0.8-1.2万/月,"[[['五险一金'], ['员工旅游'], ['绩效奖金'], ['年终奖金'], ['周末双休']], ['武汉', '无工作经验', '本科', '招若干人', '09-03发布']]"
JAVA开发工程师,广州林邦信息科技有限公司,广州-黄埔区,0.4-1.8万/月,"[[['五险一金'], ['员工旅游'], ['年终奖金'], ['绩效奖金'], ['定期体检']], ['广州-黄埔区', '3-4年经验', '大专', '招2人', '09-03发布', '普通话精通']]"
JAVA程序员（温州瑞安）,温州普望网络科技有限公司,温州,4-6千/月,"[[['五险'], ['年终奖金'], ['带薪年假'], ['周末双休'], ['工作餐'], ['法定节假日']], ['温州', '1年经验', '中专', '招若干人', '09-03发布']]"
高级Java开发工程师,四川经纬万达科技有限公司,成都-高新区,1.5-2万/月,"[[['五险一金'], ['补充医疗保险'], ['交通补贴'], ['餐饮补贴'], ['通讯补贴'], ['项目奖金']], ['成都-高新区', '无工作经验', '招1人', '09-03发布']]"
java软件工程师,四川国软科技发展有限责任公司,成都-金牛区,5-7千/月,"[[['五险一金'], ['绩效奖金'], ['年终奖金'], ['弹性工作'], ['周末双休']], ['成都-金牛区', '1年经验', '大专', '招5人', '09-03发布']]"
Java开发工程师,上海井胜通讯技术有限公司,广州,1-1.5万/月,"[[['五险一金'], ['带薪年假'], ['包住']], ['广州', '3-4年经验', '招若干人', '09-03发布']]"
Java开发工程师,中国人民解放军国防科技大学系统工...,长沙-开福区,1-1.5万/月,"[[], ['长沙-开福区', '无工作经验', '本科', '招1人', '09-03发布']]"
java软件工程师,山东融邦电子商务有限公司,济南,6-8千/月,"[[['五险一金'], ['弹性工作'], ['员工旅游']], ['济南', '2年经验', '本科', '招2人', '09-03发布']]"
java中高级开发工程师,加和（北京）信息科技有限公司,武汉-东湖新技...,1.2-1.8万/月,"[[['五险一金'], ['绩效奖金'], ['年终奖金'], ['弹性工作'], ['定期体检']], ['武汉-东湖新技术产业开发区', '3-4年经验', '本科', '招3人', '09-03发布']]"
Java微服务开发工程师,云南云电同方科技有限公司,昆明-官渡区,0.6-1万/月,"[[['五险一金'], ['通讯补贴'], ['定期体检'], ['带薪年休假'], ['专业培训'], ['餐饮补贴'], ['交通补贴'], ['年终奖金']], ['昆明-官渡区', '2年经验', '本科', '招2人', '09-03发布']]"
Java工程师,亚泰普惠网络科技（武汉）有限公司,武汉-武昌区,0.6-1万/月,"[[['周末双休'], ['五险一金'], ['绩效奖金'], ['通讯补贴'], ['员工旅游']], ['武汉-武昌区', '1年经验', '大专', '招1人', '09-03发布']]"
后端开发工程师（JAVA),美的集团中央空调事业部,佛山,1-2万/月,"[[['五险一金'], ['年终奖金'], ['专业培训'], ['餐饮补贴'], ['定期体检'], ['包住'], ['节日福利'], ['加班补贴']], ['佛山', '无工作经验', '招1人', '09-03发布']]"
Java开发工程师,江苏慧泽信息技术有限公司,南京-建邺区,0.8-1.5万/月,"[[['五险一金'], ['补充医疗保险'], ['年终奖金'], ['员工旅游'], ['免费班车'], ['弹性工作'], ['定期体检']], ['南京-建邺区', '3-4年经验', '本科', '招2人', '09-03发布']]"
Java(Flex)中高级工程师,北京煜邦电力技术股份有限公司,北京-海淀区,1-1.5万/月,"[[['五险一金'], ['年终奖金'], ['绩效奖金'], ['专业培训'], ['餐饮补贴'], ['补充医疗保险']], ['北京-海淀区', '3-4年经验', '大专', '招1人', '09-03发布']]"
Java工程师,上海逸豆数码科技有限公司,广州-天河区,0.8-1万/月,"[[['做五休二'], ['周末双休'], ['带薪年假'], ['五险一金'], ['绩效奖金'], ['节日福利'], ['年度旅游'], ['年度体检']], ['广州-天河区', '3-4年经验', '本科', '招1人', '09-03发布']]"
Java开发工程师,广州市沸腾点信息科技有限公司,广州-白云区,1-1.5万/月,"[[['员工旅游'], ['专业培训'], ['绩效奖金'], ['弹性工作'], ['年终奖金'], ['包吃包住'], ['社保']], ['广州-白云区', '1年经验', '大专', '招若干人', '09-03发布']]"
（前置系统）高级Java开发工程师,深圳洽客科技有限公司,深圳-福田区,2-2.5万/月,"[[['五险一金'], ['餐饮补贴'], ['年终奖金'], ['补充医疗保险'], ['绩效奖金'], ['交通补贴'], ['定期体检'], ['带薪年假'], ['带薪病假']], ['深圳-福田区', '5-7年经验', '本科', '招1人', '09-03发布', '计算机科学与技术', '软件工程']]"
腾讯 急聘 Java开发工程师,腾讯企业产品湖南服务中心,长沙,0.9-1.5万/月,"[[['周末双休'], ['带薪年假'], ['五险一金'], ['绩效奖金'], ['全勤奖'], ['节日福利'], ['专业培训'], ['做五休二']], ['长沙', '无工作经验', '招5人', '09-03发布']]"
JAVA组长/A+/非外包,深圳市凌雄租赁服务有限公司,深圳-福田区,2-3万/月,"[[['五险一金'], ['年终奖金'], ['员工旅游'], ['带薪年假'], ['节假日福利']], ['深圳-福田区', '3-4年经验', '本科', '招1人', '09-03发布']]"
Java开发高级工程师（区块链）,远光软件股份有限公司武汉研发中心,武汉,15-20万/年,"[[['五险一金'], ['免费班车'], ['员工旅游'], ['餐饮补贴'], ['通讯补贴'], ['绩效奖金'], ['年终奖金'], ['股票期权'], ['定期体检'], ['专业培训']], ['武汉', '5-7年经验', '本科', '招1人', '09-03发布']]"
Java开发工程师,北京联龙博通电子商务技术有限公司,西安-灞桥区,1-1.5万/月,"[[['五险一金'], ['专业培训'], ['交通补贴'], ['通讯补贴'], ['弹性工作']], ['西安-灞桥区', '3-4年经验', '本科', '招2人', '09-03发布']]"
Java开发工程师,南京汉隆科技有限公司,南京-雨花台区,0.8-1.5万/月,"[[['五险一金'], ['定期体检'], ['专业培训'], ['年终奖金'], ['餐饮补贴'], ['团建费'], ['全勤奖'], ['节日福利'], ['生育慰问金']], ['南京-雨花台区', '2年经验', '本科', '招2人', '09-03发布']]"
Java web开发工程师（银行项目）,上海威士顿信息技术股份有限公司,上海-浦东新区,0.8-1万/月,"[[['五险一金'], ['员工旅游'], ['通讯补贴'], ['绩效奖金'], ['定期体检']], ['上海-浦东新区', '2年经验', '本科', '招若干人', '09-03发布']]"
JAVA高级工程师,广州市粤峰高新技术股份有限公司,广州-天河区,1.5-2万/月,"[[['员工旅游'], ['五险一金']], ['广州-天河区', '1年经验', '本科', '招20人', '09-03发布']]"
Java开发工程师,深圳市亿合创电子有限公司,深圳,0.8-1.5万/月,"[[['五险一金'], ['员工旅游'], ['通讯补贴'], ['绩效奖金'], ['年终奖金']], ['深圳', '2年经验', '大专', '招1人', '09-03发布']]"
Java中级开发工程师,万利通金融服务（深圳）有限公司,深圳-福田区,1.3-1.8万/月,"[[['五险一金'], ['员工旅游'], ['年终奖金'], ['定期体检']], ['深圳-福田区', '3-4年经验', '本科', '招1人', '09-03发布']]"
Java Web 架构师,成都心泽科技有限公司,成都-武侯区,1.5-2.5万/月,"[[['五险一金'], ['交通补贴'], ['餐饮补贴'], ['年终奖金']], ['成都-武侯区', '3-4年经验', '本科', '招若干人', '09-03发布']]"
Java软件工程师（NC方向）,第一线集团,广州-越秀区,0.8-1.2万/月,"[[['节日福利'], ['五险一金'], ['带薪年假'], ['定期体检'], ['员工旅游']], ['广州-越秀区', '3-4年经验', '本科', '招1人', '09-03发布']]"
高级研发工程师-Java,云南云电同方科技有限公司广州分公司,广州,1.5-2万/月,"[[['五险一金'], ['补充医疗保险'], ['员工旅游'], ['餐饮补贴'], ['通讯补贴'], ['专业培训'], ['绩效奖金'], ['定期体检']], ['广州', '无工作经验', '本科', '招3人', '09-03发布']]"
资深JAVA开发工程师,深圳市光裕资本管理有限公司,深圳-龙华新区,1.5-2万/月,"[[], ['深圳-龙华新区', '5-7年经验', '大专', '招1人', '09-03发布']]"
Java开发工程师,北京乾唐伟业科技股份公司,北京-朝阳区,1.3-1.5万/月,"[[['五险一金'], ['年终奖金'], ['定期体检'], ['领导nice'], ['绩效奖金']], ['北京-朝阳区', '3-4年经验', '本科', '招3人', '09-03发布', '计算机应用', '软件工程']]"
Java高级开发工程师,深圳市威视莲科技有限公司,深圳,1.5-2.5万/月,"[[['五险'], ['餐饮补贴']], ['深圳', '3-4年经验', '本科', '招1人', '09-03发布']]"
Java高级软件工程师,上海恒格信息科技有限公司,上海,1.2-2.3万/月,"[[['五险一金'], ['年终奖金'], ['免费班车'], ['员工旅游']], ['上海', '5-7年经验', '大专', '招2人', '09-03发布']]"
JAVA开发工程师,立信汇文企业服务（上海）有限公司,长春,4-8千/月,"[[['五险一金'], ['餐饮补贴'], ['专业培训'], ['年终奖金'], ['定期体检']], ['长春', '1年经验', '本科', '招5人', '09-03发布', '英语良好', '普通话熟练']]"
Java开发工程师,河南正旭通信工程有限公司,郑州-郑东新区,7-9千/月,"[[], ['郑州-郑东新区', '3-4年经验', '本科', '招3人', '09-03发布']]"
JAVA工程师,深圳兴融联科技股份有限公司上海分...,成都-锦江区,1-1.5万/月,"[[['做五休二'], ['周末双休'], ['弹性工作'], ['五险一金']], ['成都-锦江区', '3-4年经验', '大专', '招10人', '09-03发布']]"
Java开发工程师,江苏感创电子科技股份有限公司,无锡,0.7-1.2万/月,"[[['带薪年假'], ['五险一金'], ['绩效奖金'], ['节日福利'], ['加班补贴'], ['高温补贴'], ['住房补贴']], ['无锡', '1年经验', '本科', '招2人', '09-03发布']]"
开发工程师（java）,上海卓致信息技术有限公司,上海-徐汇区,4-8千/月,"[[['五险一金'], ['餐饮补贴'], ['定期体检'], ['绩效奖金'], ['节日福利']], ['上海-徐汇区', '1年经验', '大专', '招4人', '09-03发布', '计算机科学与技术']]"
Java开发工程师,商助科技（北京）有限公司,北京-海淀区,,"[[['五险一金'], ['周末双休'], ['带薪年假'], ['节日福利'], ['定期体检'], ['餐饮补贴'], ['年终奖金'], ['员工旅游']], ['北京-海淀区', '1年经验', '本科', '招1人', '09-03发布']]"
java开发高级工程师,重庆市奔友科技有限公司,重庆,0.8-2万/月,"[[['五险一金'], ['交通补贴'], ['餐饮补贴'], ['专业培训'], ['绩效奖金'], ['年终奖金'], ['弹性工作']], ['重庆', '3-4年经验', '本科', '招5人', '09-03发布']]"
Java开发工程师（南京）,北京滴普科技有限公司,南京-栖霞区,1-1.5万/月,"[[], ['南京-栖霞区', '3-4年经验', '本科', '招1人', '09-03发布']]"
Java开发工程师,车巴达（苏州）网络科技有限公司,苏州-工业园区,0.9-1.2万/月,"[[['五险一金'], ['通讯补贴'], ['年终奖金'], ['带薪年假'], ['加班补贴']], ['苏州-工业园区', '3-4年经验', '大专', '招1人', '09-03发布']]"
JAVA工程师,大连爱立方健康管理有限公司,大连,6-8千/月,"[[['周末双休'], ['带薪年假'], ['节日福利'], ['餐饮补贴'], ['五险一金']], ['大连', '无工作经验', '本科', '招若干人', '09-03发布']]"
Java中级开发工程师,广州帝释天软件有限公司,广州-天河区,1-1.5万/月,"[[['包两餐'], ['弹性工作'], ['定期体检'], ['五险一金'], ['员工旅游'], ['年终奖金'], ['上下班不打卡']], ['广州-天河区', '无工作经验', '大专', '招若干人', '09-03发布']]"
Java开发工程师,广州碧软信息科技有限公司,北京,1.2-1.8万/月,"[[['五险一金'], ['专业培训'], ['绩效奖金'], ['定期体检'], ['员工旅游'], ['年终奖金']], ['北京', '3-4年经验', '大专', '招6人', '09-03发布', '英语良好']]"
Java游戏服务端 开发工程师,汇玩（深圳）科技有限公司,深圳-南山区,1.2-1.8万/月,"[[['五险一金'], ['员工旅游'], ['年终奖金'], ['绩效奖金'], ['出国机会'], ['专业培训'], ['定期体检']], ['深圳-南山区', '2年经验', '大专', '招1人', '09-03发布']]"
高新软件Java开发助理+双休,安徽幻维网络科技有限公司,合肥-蜀山区,4.5-6千/月,"[[], ['合肥-蜀山区', '无工作经验', '大专', '招8人', '09-03发布']]"
高级Java开发工程师,上海池乐信息科技有限公司,上海-浦东新区,1.5-2.5万/月,"[[['五险一金'], ['员工旅游'], ['餐饮补贴'], ['通讯补贴'], ['绩效奖金'], ['年终奖金']], ['上海-浦东新区', '3-4年经验', '本科', '招1人', '09-03发布', '软件工程']]"
初级软件工程师（Java）,苏州德启智能科技有限公司,苏州-工业园区,5-8千/月,"[[['五险一金'], ['年终奖金'], ['定期体检'], ['员工旅游']], ['苏州-工业园区', '1年经验', '本科', '招2人', '09-03发布']]"
高级Java后台开发工程师,深圳推推应用技术有限公司,深圳-南山区,1.5-2.5万/月,"[[['五险一金'], ['年终奖金'], ['员工旅游']], ['深圳-南山区', '5-7年经验', '本科', '招1人', '09-03发布']]"
Java开发工程师,苏州福莱盈电子有限公司,苏州-高新区,7-8千/月,"[[['带薪年假'], ['绩效奖金'], ['包住宿'], ['五险一金'], ['包吃'], ['节日福利'], ['加班补贴']], ['苏州-高新区', '3-4年经验', '本科', '招1人', '09-03发布', '软件工程']]"
JAVA开发工程师（云GIS产品）,北京捷泰天域信息技术有限公司,武汉-武昌区,1.5-2万/月,"[[['五险一金'], ['通讯补贴'], ['专业培训'], ['带薪年假'], ['商业保险'], ['定期体检'], ['交通补贴'], ['餐饮补贴'], ['年终奖金'], ['补充医疗保险']], ['武汉-武昌区', '3-4年经验', '本科', '招1人', '09-03发布']]"
JAVA软件开发工程师,上海纳恩汽车技术有限公司,上海-松江区,10-15万/年,"[[['五险一金'], ['免费班车'], ['员工旅游'], ['交通补贴'], ['餐饮补贴'], ['年终奖金'], ['弹性工作'], ['定期体检'], ['周末双休'], ['带薪年假']], ['上海-松江区', '3-4年经验', '大专', '招1人', '09-03发布']]"
JAVA软件工程师（手机端）,武汉海昌信息技术有限公司,武汉,4.5-8千/月,"[[], ['武汉', '无工作经验', '本科', '招若干人', '09-03发布', '普通话良好']]"
Java架构师,深圳英之泰教育科技有限公司,深圳-南山区,3-4万/月,"[[['五险一金'], ['员工旅游'], ['年终奖金'], ['专业培训'], ['绩效奖金']], ['深圳-南山区', '5-7年经验', '本科', '招若干人', '09-03发布']]"
互联网研发总监（.NET或Java）,深圳市极致科技股份有限公司,深圳-南山区,2-3.5万/月,"[[['五险一金'], ['通讯补贴'], ['年终奖金'], ['绩效奖金'], ['员工旅游'], ['专业培训'], ['股票期权']], ['深圳-南山区', '5-7年经验', '本科', '招1人', '09-03发布']]"
急聘-java工程师,深圳市德科信息技术有限公司,南京-雨花台区,1-2万/月,"[[['五险一金'], ['补充医疗保险'], ['年终奖金'], ['绩效奖金'], ['员工旅游']], ['南京-雨花台区', '3-4年经验', '本科', '招4人', '09-03发布']]"
JAVA开发工程师-合肥,合肥新东方外语培训学校,合肥-包河区,0.6-1万/月,"[[['五险一金'], ['餐饮补贴'], ['定期体检'], ['专业培训'], ['出国机会'], ['绩效奖金'], ['员工旅游'], ['年终奖金']], ['合肥-包河区', '无工作经验', '招1人', '09-03发布']]"
JAVA软件工程师,上海雷根资产管理有限公司,上海,0.5-1万/月,"[[['五险一金'], ['员工旅游'], ['专业培训'], ['绩效奖金'], ['年终奖金'], ['股票期权'], ['定期体检']], ['上海', '1年经验', '本科', '招若干人', '09-03发布']]"
Java高级开发工程师,安徽科大擎天科技有限公司,合肥-蜀山区,5-9千/月,"[[['五险一金'], ['补充医疗保险'], ['免费班车'], ['餐饮补贴'], ['通讯补贴'], ['年终奖金']], ['合肥-蜀山区', '2年经验', '本科', '招4人', '09-03发布']]"
Java高级开发工程师/软件开发工程师,上海车团网络信息技术有限公司,上海-浦东新区,1.7-2.5万/月,"[[['五险一金'], ['福利补贴'], ['做五休二']], ['上海-浦东新区', '2年经验', '本科', '招4人', '09-03发布']]"
java中级工程师,广东瑞联科技有限公司,广州,0.8-1.2万/月,"[[['五险一金'], ['员工旅游'], ['餐饮补贴'], ['通讯补贴'], ['交通补贴'], ['绩效奖金'], ['年终奖金']], ['广州', '无工作经验', '大专', '招若干人', '09-03发布']]"
java软件开发工程师（杭州）,北京沐融信息科技股份有限公司,杭州-上城区,0.8-1万/月,"[[['五险一金'], ['补充医疗保险'], ['员工旅游'], ['交通补贴'], ['通讯补贴'], ['年终奖金'], ['股票期权'], ['弹性工作'], ['定期体检'], ['笔记本补助']], ['杭州-上城区', '2年经验', '本科', '招1人', '09-03发布']]"
Java高级开发工程师,济南吾一影业有限公司,济南-高新区,1.5-2万/月,"[[['五险一金'], ['弹性工作'], ['营运分红']], ['济南-高新区', '5-7年经验', '本科', '招1人', '09-03发布', '英语良好']]"
Java开发工程师,佛山瑞泰康医疗科技有限公司,异地招聘,3-8千/月,"[[], ['佛山', '无工作经验', '大专', '招2人', '09-03发布']]"
Java开发工程师,上海钜石信息科技有限公司,上海-杨浦区,1.5-2.5万/月,"[[['周末双休'], ['做五休二'], ['五险一金'], ['绩效奖金']], ['上海-杨浦区', '5-7年经验', '大专', '招2人', '09-03发布']]"
Java开发工程师,吉林省中东集团有限公司,长春,6-8千/月,"[[['五险一金'], ['餐饮补贴'], ['定期体检'], ['带薪年假'], ['节日福利'], ['周末双休']], ['长春', '2年经验', '本科', '招5人', '09-03发布']]"
java开发工程师,江苏赛睿信息科技股份有限公司,南京-雨花台区,0.8-1.5万/月,"[[['五险一金'], ['年终奖金'], ['绩效奖金'], ['股票期权']], ['南京-雨花台区', '3-4年经验', '本科', '招5人', '09-03发布']]"
Java软件工程师,北京宏天信业信息技术股份有限公司...,异地招聘,0.8-1.8万/月,"[[['五险一金'], ['交通补贴'], ['餐饮补贴'], ['通讯补贴'], ['定期体检'], ['年终奖金']], ['银川', '2年经验', '大专', '招若干人', '09-03发布']]"
JAVA中级软件工程师,广东融讯信息科技有限公司,广州-天河区,7-9千/月,"[[['五险一金'], ['定期体检'], ['绩效奖金']], ['广州-天河区', '2年经验', '大专', '招1人', '09-03发布']]"
JAVA开发工程师（政府BU）,江苏瑞德信息产业有限公司,南京-玄武区,1-1.5万/月,"[[['五险一金'], ['员工旅游'], ['交通补贴'], ['通讯补贴'], ['专业培训'], ['定期体检'], ['绩效奖金']], ['南京-玄武区', '3-4年经验', '大专', '招若干人', '09-03发布']]"
Java中级开发工程师,信码互通(北京)科技有限公司,北京-东城区,1.5-2.5万/月,"[[['五险一金'], ['餐饮补贴'], ['弹性工作'], ['年终奖金']], ['北京-东城区', '3-4年经验', '大专', '招1人', '09-03发布']]"
Java开发工程师,上海翌擎智能科技有限公司,上海-浦东新区,1-1.6万/月,"[[['五险一金'], ['弹性工作'], ['项目奖金'], ['带薪假期'], ['绩效奖金']], ['上海-浦东新区', '3-4年经验', '本科', '招1人', '09-03发布']]"
Java高级开发工程师,广州好酷信息科技有限公司,广州-番禺区,1-1.5万/月,"[[['五险一金'], ['年终奖金'], ['优秀团队'], ['待遇优厚']], ['广州-番禺区', '3-4年经验', '大专', '招1人', '09-03发布']]"
Java开发工程师,北京天下图空间信息技术有限公司,北京-西城区,0.6-1.3万/月,"[[['五险一金'], ['餐饮补贴'], ['年终奖金'], ['定期体检']], ['北京-西城区', '3-4年经验', '本科', '招1人', '09-03发布', '计算机科学与技术', '软件工程']]"
Java工程师,重庆澳融实业有限公司,重庆-江北区,0.8-1万/月,"[[['社保五险'], ['工作餐'], ['节日福利'], ['生日福利'], ['带薪年假'], ['年终奖金'], ['周末双休'], ['朝九晚五']], ['重庆-江北区', '3-4年经验', '本科', '招2人', '09-03发布']]"
Java开发工程师,北京天威诚信电子商务服务有限公司,北京-海淀区,0.8-1.5万/月,"[[['五险一金'], ['餐饮补贴'], ['弹性工作'], ['定期体检'], ['绩效奖金'], ['年终奖金']], ['北京-海淀区', '3-4年经验', '大专', '招1人', '09-03发布']]"
java开发工程师,青岛国源中创电气自动化工程有限公司,青岛,0.6-1万/月,"[[['五险一金'], ['年终奖金'], ['通讯补贴'], ['专业培训'], ['绩效奖金']], ['青岛', '2年经验', '大专', '招4人', '09-03发布']]"
Java高级开发工程师(电商),深圳威豹恒瑞金融技术服务股份有限...,深圳,1.5-2.5万/月,"[[['五险一金'], ['年终奖金'], ['定期体检'], ['生日福利'], ['带薪年假'], ['周末双休']], ['深圳', '5-7年经验', '本科', '招2人', '09-03发布']]"
Java高级开发工程师,深圳市通用条码技术开发中心,深圳,8-10万/年,"[[['五险一金'], ['周末双休'], ['年终奖金'], ['绩效奖金'], ['专业培训'], ['员工旅游'], ['定期体检'], ['全勤奖']], ['深圳', '3-4年经验', '本科', '招3人', '09-03发布']]"
Java开发工程师,深圳市正午信息技术有限公司,深圳-南山区,1.5-2.5万/月,"[[['五险一金'], ['员工旅游'], ['年终奖金'], ['弹性工作']], ['深圳-南山区', '无工作经验', '本科', '招3人', '09-03发布']]"
java架构师,深圳涂宝网络技术有限公司,深圳-南山区,3-5万/月,"[[], ['深圳-南山区', '无工作经验', '招1人', '09-03发布']]"
Java开发工程师,苏州易信安工业技术有限公司,苏州-相城区,1-1.5万/月,"[[], ['苏州-相城区', '3-4年经验', '本科', '招2人', '09-03发布']]"
Java开发工程师,江苏同步软件技术有限公司,常州-新北区,0.5-1万/月,"[[['五险一金'], ['员工旅游'], ['绩效奖金'], ['周末双休']], ['常州-新北区', '无工作经验', '招2人', '09-03发布']]"
Java开发工程师,深圳市德科信息技术有限公司,上海-浦东新区,1.5-2万/月,"[[['五险一金'], ['员工旅游'], ['专业培训'], ['弹性工作'], ['年终奖金'], ['绩效奖金']], ['上海-浦东新区', '3-4年经验', '大专', '招5人', '09-03发布']]"
Java初级开发工程师,东软科技（武汉）,武汉-江夏区,4.5-6千/月,"[[], ['武汉-江夏区', '无工作经验', '大专', '招5人', '09-03发布']]"
Java初级开发工程师,贵州天灏信息科技有限公司,贵阳,3-5千/月,"[[['周末双休'], ['五险一金'], ['带薪年假'], ['节日福利'], ['全勤奖'], ['绩效奖金'], ['包住宿'], ['包吃'], ['餐饮补贴']], ['贵阳', '无工作经验', '招6人', '09-03发布']]"
Java开发工程师,南京前知智能科技有限公司,南京-江宁区,1.1-1.3万/月,"[[['五险一金'], ['绩效奖金'], ['定期体检'], ['员工旅游'], ['弹性工作'], ['试用期全薪'], ['年终14薪'], ['出国机会']], ['南京-江宁区', '无工作经验', '招1人', '09-03发布']]"
Java开发工程师,上海旻赞网络科技有限公司,上海-浦东新区,2-2.5万/月,"[[['五险一金'], ['员工旅游'], ['年终奖金'], ['弹性工作']], ['上海-浦东新区', '3-4年经验', '本科', '招2人', '09-03发布', '英语良好', '计算机科学与技术', '计算机工程']]"
JAVA开发工程师（中级）,上海宝孚自动化工程技术有限公司,上海-宝山区,0.8-2万/月,"[[['五险一金'], ['交通补贴'], ['餐饮补贴'], ['通讯补贴'], ['专业培训'], ['弹性工作'], ['定期体检']], ['上海-宝山区', '无工作经验', '本科', '招1人', '09-03发布']]"
Java初级开发工程师,爱油科技（大连）有限公司,大连,4-6千/月,"[[['五险一金'], ['交通补贴'], ['餐饮补贴'], ['通讯补贴'], ['定期体检'], ['周末双休'], ['采暖补贴'], ['带薪年假'], ['节日福利']], ['大连', '无工作经验', '本科', '招3人', '09-03发布']]"
初级java开发工程师（双休）,深圳市云极软件有限公司,深圳-福田区,6-8千/月,"[[['五险一金'], ['员工旅游'], ['定期体检'], ['绩效奖金'], ['年终奖金']], ['深圳-福田区', '1年经验', '大专', '招5人', '09-03发布']]"
高级JAVA工程师,上海长城电子信息网络有限公司,上海-长宁区,1.2-1.8万/月,"[[['五险一金'], ['员工旅游'], ['餐饮补贴'], ['年终奖金']], ['上海-长宁区', '3-4年经验', '本科', '招若干人', '09-03发布', '计算机科学与技术', '计算机应用']]"
Java开发工程师,成都顶呱呱投资集团有限公司,成都-武侯区,0.8-1.2万/月,"[[['五险一金'], ['员工旅游'], ['绩效奖金'], ['股票期权'], ['餐饮补贴']], ['成都-武侯区', '无工作经验', '招1人', '09-03发布']]"
Java架构师,维书信息科技（上海）有限公司,上海-浦东新区,2.4-3.2万/月,"[[['五险一金'], ['年终奖金'], ['弹性工作']], ['上海-浦东新区', '5-7年经验', '本科', '招1人', '09-03发布', '英语良好']]"
Java高级开发工程师,上海益帛网络科技有限公司,上海-虹口区,1.5-2万/月,"[[], ['上海-虹口区', '3-4年经验', '本科', '招1人', '09-03发布']]"
Java开发工程师,北京汉克时代科技有限公司,杭州-西湖区,1-1.6万/月,"[[['五险一金'], ['年终奖金']], ['杭州-西湖区', '3-4年经验', '大专', '招15人', '09-03发布']]"
java持续集成工程师,广州华微明天软件技术有限公司,异地招聘,1-1.5万/月,"[[['五险一金'], ['员工旅游'], ['免费班车'], ['定期体检']], ['东莞-松山湖区', '1年经验', '本科', '招1人', '09-03发布']]"
C++ JAVA WEB 软件开发 软件工程师,广州互信电子科技有限公司,广州-白云区,1-1.5万/月,"[[], ['广州-白云区', '3-4年经验', '本科', '招3人', '09-03发布']]"
中级java开发工程师（智能停车）,广州广电银通金融电子科技有限公司,广州,1-1.5万/月,"[[['五险一金'], ['补充医疗保险'], ['补充公积金'], ['免费班车'], ['年终奖金'], ['绩效奖金'], ['定期体检'], ['专业培训'], ['周末双休']], ['广州', '无工作经验', '本科', '招2人', '09-03发布']]"
Java软件开发（双休+五险）,湖北华奥星空体育产业联盟发展有限...,武汉-洪山区,4-6千/月,"[[['五险一金'], ['补充公积金'], ['员工旅游'], ['绩效奖金'], ['年终奖金'], ['弹性工作'], ['定期体检']], ['武汉-洪山区', '无工作经验', '大专', '招3人', '09-03发布']]"
高级JAVA开发工程师(004436),神州数码（中国）有限公司,北京-海淀区,2-2.5万/月,"[[['五险一金'], ['餐饮补贴'], ['弹性工作'], ['补充医疗保险'], ['通讯补贴'], ['定期体检']], ['北京-海淀区', '3-4年经验', '招4人', '09-03发布']]"
java软件工程师,重庆市招生考试服务有限责任公司,重庆-渝中区,6-8千/月,"[[['五险一金'], ['绩效奖金'], ['餐饮补贴'], ['年终奖金'], ['定期体检'], ['专业培训'], ['节日福利']], ['重庆-渝中区', '5-7年经验', '本科', '招1人', '09-03发布', '计算机科学与技术', '计算机应用']]"
Java开发工程师,江苏华招网信息技术有限公司,上海,6-9千/月,"[[['五险一金'], ['定期体检'], ['专业培训'], ['补贴']], ['上海', '2年经验', '招1人', '09-03发布']]"
Java初中高级培训讲师,河南常春藤科技有限公司,郑州-郑东新区,0.8-1万/月,"[[['五险一金'], ['员工旅游'], ['年终奖金'], ['绩效奖金'], ['专业培训'], ['弹性工作']], ['郑州-郑东新区', '无工作经验', '招3人', '09-03发布']]"
JAVA开发工程师,深圳市商沃科技发展有限公司,广州,0.8-1.5万/月,"[[['五险一金'], ['绩效奖金'], ['年终奖金'], ['专业培训'], ['弹性工作'], ['周末双休'], ['股票期权']], ['广州', '1年经验', '大专', '招3人', '09-03发布', '普通话']]"
Java开发工程师(2019届应届生),深圳前海用友力合金融服务有限公司,深圳,0.8-1.3万/月,"[[['五险一金'], ['员工旅游'], ['餐饮补贴'], ['通讯补贴'], ['专业培训'], ['出国机会'], ['定期体检'], ['股票期权'], ['年终奖金'], ['节日福利']], ['深圳', '无工作经验', '招若干人', '09-03发布']]"
中级java开发工程师,广州金越软件技术有限公司,南昌,0.8-1.2万/月,"[[['五险一金'], ['员工旅游'], ['年终奖金'], ['股票期权'], ['绩效奖金'], ['专业培训'], ['通讯补贴']], ['南昌', '2年经验', '本科', '招1人', '09-03发布']]"
Java架构师,上海放牛娃信息科技有限公司,苏州,2-2.5万/月,"[[['五险一金'], ['员工旅游'], ['股票期权'], ['年终奖金'], ['绩效奖金']], ['苏州', '无工作经验', '大专', '招3人', '09-03发布']]"
Java资深开发工程师-河南,北京东方博融管理咨询有限公司,郑州,1-2万/月,"[[], ['郑州', '3-4年经验', '本科', '招1人', '09-03发布']]"
Java中级开发工程师,税友软件集团股份有限公司重庆分公司,重庆-渝北区,7-9千/月,"[[['专业培训'], ['定期体检'], ['员工旅游'], ['绩效奖金'], ['通讯补贴'], ['五险一金'], ['高温补贴']], ['重庆-渝北区', '3-4年经验', '大专', '招2人', '09-03发布', '计算机科学与技术']]"
Java开发工程师,马商卓优科技（北京）有限公司,广州-天河区,1-2万/月,"[[['五险一金'], ['餐饮补贴'], ['绩效奖金'], ['周末双休']], ['广州-天河区', '3-4年经验', '本科', '招2人', '09-03发布', '英语良好']]"
JAVA 开发工程师,深圳市闪动网络科技有限公司,深圳-南山区,0.6-1.2万/月,"[[], ['深圳-南山区', '2年经验', '本科', '招2人', '09-03发布']]"
Java开发实习生l,武汉幻维龙图教育科技有限公司,武汉-洪山区,4.5-6千/月,"[[['五险一金'], ['补充公积金'], ['员工旅游'], ['专业培训'], ['定期体检'], ['餐饮补贴'], ['绩效奖金'], ['交通补贴'], ['年终奖金']], ['武汉-洪山区', '无工作经验', '大专', '招5人', '09-03发布']]"
Java开发工程师（大学讲师）,北京华晟经世信息技术有限公司,日照,6-8千/月,"[[['五险一金'], ['通讯补贴'], ['专业培训'], ['绩效奖金'], ['年终奖金'], ['定期体检']], ['日照', '3-4年经验', '本科', '招1人', '09-03发布']]"
Java资深开发工程师,安吉保（上海）企业管理咨询有限公司,上海-浦东新区,2.5-3万/月,"[[['五险一金'], ['弹性工作'], ['带薪年假'], ['加班补贴'], ['办公环境舒适'], ['十四薪'], ['生日福利'], ['公司团建']], ['上海-浦东新区', '5-7年经验', '本科', '招1人', '09-03发布']]"
Java高级开发工程师,深圳恒拓高科信息技术有限公司广州...,广州,1.4-1.8万/月,"[[['五险一金'], ['定期体检'], ['弹性工作'], ['绩效奖金'], ['年终奖金'], ['股票期权'], ['员工旅游']], ['广州', '5-7年经验', '大专', '招2人', '09-03发布']]"
JAVA开发工程师,山东易通发展集团有限公司,上海-静安区,1-1.5万/月,"[[['交通补贴'], ['餐饮补贴'], ['通讯补贴'], ['节日福利'], ['五险一金'], ['周末双休']], ['上海-静安区', '无工作经验', '招2人', '09-03发布']]"
Java开发工程师,广州天锐医健信息科技有限公司,广州-天河区,7-8千/月,"[[['五险一金'], ['绩效奖金'], ['年终奖金']], ['广州-天河区', '1年经验', '大专', '招1人', '09-03发布']]"
Java开发工程师,重庆甘润科技有限公司,重庆,5-8千/月,"[[['五险一金'], ['定期体检'], ['绩效奖金'], ['年终奖金']], ['重庆', '2年经验', '本科', '招4人', '09-03发布', '英语', '计算机科学与技术', '软件工程']]"
Java高级开发工程师,武汉导航与位置服务工业技术研究院...,武汉,1-2万/月,"[[['周末双休'], ['弹性工作'], ['带薪年假'], ['节日福利'], ['交通补贴'], ['餐饮补贴'], ['绩效奖金']], ['武汉', '5-7年经验', '本科', '招3人', '09-03发布', '计算机科学与技术', '软件工程']]"
Java开发工程师,北京诺春风医疗科技有限公司,长沙-雨花区,0.9-1.3万/月,"[[], ['长沙-雨花区', '2年经验', '大专', '招4人', '09-03发布']]"
IT管理员/系统维护（有Java开发经验者优）,士商（上海）机械有限公司,上海-闵行区,4-8千/月,"[[['五险一金'], ['免费班车'], ['员工旅游'], ['绩效奖金'], ['年终奖金'], ['定期体检'], ['交通补贴'], ['专业培训'], ['全薪休假'], ['免费工作餐']], ['上海-闵行区', '2年经验', '大专', '招2人', '09-03发布', '英语良好', '计算机科学与技术', '计算机网络']]"
Java高级工程师,雅智捷（上海）商贸有限公司,上海-静安区,20-40万/年,"[[['五险一金'], ['餐饮补贴'], ['通讯补贴'], ['交通补贴'], ['年终奖金'], ['弹性工作'], ['定期体检']], ['上海-静安区', '5-7年经验', '本科', '招3人', '09-03发布', '英语良好']]"
Java开发工程师,北京公瑾科技有限公司广州分公司（...,广州-天河区,0.8-1.5万/月,"[[['五险一金'], ['员工旅游'], ['餐饮补贴'], ['周末双休'], ['绩效奖金'], ['年终奖金'], ['股票期权'], ['定期体检']], ['广州-天河区', '3-4年经验', '本科', '招1人', '09-03发布']]"
高级JAVA开发工程师,广州静一信息科技有限公司,广州-增城,1.5-2万/月,"[[['交通补贴'], ['年终奖金'], ['绩效奖金'], ['股票期权'], ['弹性工作'], ['定期体检'], ['员工旅游'], ['五险一金']], ['广州-增城', '3-4年经验', '大专', '招4人', '09-03发布']]"
JAVA全栈工程师,上海共久电气有限公司,上海-徐汇区,1-2.5万/月,"[[['免费班车'], ['员工旅游'], ['绩效奖金']], ['上海-徐汇区', '2年经验', '本科', '招若干人', '09-03发布', '英语良好', '计算机科学与技术', '计算机应用']]"
Java开发工程师,卓志供应链集团,武汉-洪山区,0.5-1万/月,"[[['五险一金'], ['年终奖金'], ['节假日福利'], ['定期体检'], ['专业培训'], ['员工旅游'], ['带薪年假']], ['武汉-洪山区', '2年经验', '本科', '招2人', '09-03发布']]"
web前端工程师（Vue+Java+原生的JS+双休+6险1金）,深圳市德科信息技术有限公司,广州-天河区,0.8-1.5万/月,"[[['五险一金'], ['员工旅游'], ['年终奖金'], ['绩效奖金'], ['专业培训'], ['补充商业保险'], ['股票期权']], ['广州-天河区', '2年经验', '本科', '招若干人', '09-03发布']]"
Java开发工程师,江苏中科西北星信息科技有限公司,无锡,0.7-1万/月,"[[['五险一金'], ['通讯补贴'], ['交通补贴'], ['专业培训'], ['股票期权'], ['年终奖金'], ['绩效奖金'], ['员工旅游'], ['定期体检']], ['无锡', '3-4年经验', '大专', '招5人', '09-03发布']]"
Java开发工程师,北京超凡视幻网络科技有限公司,北京-海淀区,1-2万/月,"[[['周末双休'], ['带薪年假'], ['五险一金'], ['节日福利'], ['绩效奖金'], ['定期体检'], ['弹性工作']], ['北京-海淀区', '无工作经验', '本科', '招2人', '09-03发布']]"
Java高级开发工程师,好屋中国,上海-宝山区,1.2-2万/月,"[[['五险一金'], ['年终奖金'], ['定期体检'], ['弹性工作'], ['带薪年假']], ['上海-宝山区', '5-7年经验', '本科', '招1人', '09-03发布']]"
Java开发工程师,老K游戏,广州-番禺区,0.7-1万/月,"[[['五险一金'], ['绩效奖金'], ['弹性工作'], ['补充医疗保险'], ['员工旅游'], ['定期体检'], ['股票期权'], ['周末双休'], ['节日福利'], ['年底双薪']], ['广州-番禺区', '1年经验', '本科', '招2人', '09-03发布']]"
Java Web工程师-电商事业部北京分公司,上海博科资讯股份有限公司,北京-朝阳区,1-1.5万/月,"[[['五险一金'], ['弹性工作'], ['通讯补贴'], ['专业培训'], ['绩效奖金'], ['交通补贴'], ['做五休二']], ['北京-朝阳区', '3-4年经验', '本科', '招4人', '09-03发布']]"
java软件开发工程师,广州拓视悦声电子科技有限公司,广州-番禺区,0.8-1.2万/月,"[[['交通补贴'], ['餐饮补贴'], ['补充医疗保险'], ['购买社保'], ['大小周'], ['法定假日']], ['广州-番禺区', '无工作经验', '招2人', '09-03发布']]"
高级java开发工程师（出差）,普元信息技术股份有限公司,广州-天河区,1.5-2万/月,"[[['五险一金'], ['定期体检'], ['通讯补贴'], ['餐饮补贴'], ['弹性工作']], ['广州-天河区', '5-7年经验', '大专', '招2人', '09-03发布']]"
Java开发工程师（贷记卡系统）,上海通联金融服务有限公司,上海-浦东新区,1-2.5万/月,"[[['五险一金'], ['员工旅游'], ['定期体检'], ['补充医疗保险']], ['上海-浦东新区', '无工作经验', '本科', '招10人', '09-03发布']]"
Java开发工程师（昆明急招）,深圳市岩创科技开发有限公司,昆明,0.9-1.4万/月,"[[['五险一金'], ['专业培训'], ['绩效奖金'], ['年终奖金'], ['员工旅游']], ['昆明', '2年经验', '本科', '招若干人', '09-03发布']]"
软件开发工程师（Java）,深圳拓邦股份有限公司,深圳,0.7-1.3万/月,"[[['五险一金'], ['免费班车'], ['员工旅游'], ['股票期权'], ['年终奖金'], ['出国机会'], ['专业培训'], ['定期体检']], ['深圳', '1年经验', '本科', '招3人', '09-03发布']]"
Sr. Software Engineer - Java.SK（创智）,上海临港漕河泾人才有限公司,上海-徐汇区,30-60万/年,"[[['五险一金'], ['交通补贴'], ['餐饮补贴'], ['专业培训'], ['年终奖金'], ['绩效奖金']], ['上海-徐汇区', '无工作经验', '招若干人', '09-03发布']]"
Java开发工程师,上海思顶信息科技有限公司,上海-浦东新区,0.8-1万/月,"[[['五险一金'], ['员工旅游']], ['上海-浦东新区', '无工作经验', '大专', '招5人', '09-03发布', '英语良好']]"
JAVA软件开发工程师[北京],北京图安世纪科技股份有限公司,北京-海淀区,0.6-1.5万/月,"[[['五险一金'], ['餐饮补贴'], ['绩效奖金'], ['定期体检'], ['交通补贴']], ['北京-海淀区', '1年经验', '本科', '招3人', '09-03发布', '英语熟练']]"
Java开发工程师,高铭科维科技无锡有限公司,无锡-无锡新区,0.5-1万/月,"[[['五险一金'], ['员工旅游'], ['餐饮补贴']], ['无锡-无锡新区', '无工作经验', '招1人', '09-03发布']]"
部门实习生（java开发方向）,广州粤嵌通信科技股份有限公司,武汉-洪山区,4.5-6千/月,"[[], ['武汉-洪山区', '无工作经验', '招4人', '09-03发布']]"
Java高级开发工程师,佛山市天翼信息技术有限公司,佛山-禅城区,1-1.5万/月,"[[['交通补贴'], ['餐饮补贴'], ['通讯补贴'], ['员工旅游'], ['绩效奖金'], ['年终奖金'], ['定期体检']], ['佛山-禅城区', '3-4年经验', '大专', '招2人', '09-03发布', '计算机信息管理']]"
Java开发工程师,上海徒纹信息科技有限公司,上海-静安区,1-2万/月,"[[['五险一金'], ['年终奖金'], ['7小时工作制'], ['周末双休'], ['带薪年假'], ['绩效奖金']], ['上海-静安区', '3-4年经验', '招若干人', '09-03发布']]"
Java开发工程师,广东顶固集创家居股份有限公司,中山,6-8千/月,"[[['五险一金'], ['免费班车'], ['年终奖金'], ['通讯补贴'], ['餐饮补贴'], ['定期体检']], ['中山', '3-4年经验', '大专', '招1人', '09-03发布']]"
Java高级开发工程师,明思（上海）软件技术有限公司,上海,1.5-2万/月,"[[], ['上海', '3-4年经验', '招若干人', '09-03发布']]"
高级Java开发工程师,广州市问途信息技术有限公司,广州-天河区,1.2-1.8万/月,"[[['五险一金'], ['补充医疗保险'], ['绩效奖金'], ['年终奖金'], ['定期体检'], ['员工旅游'], ['弹性工作'], ['补充公积金']], ['广州-天河区', '3-4年经验', '本科', '招若干人', '09-03发布', '计算机科学与技术', '计算机信息管理']]"
Java技术员,沈阳焱展信息技术有限公司,沈阳,3-4.5千/月,"[[['五险一金'], ['补充医疗保险'], ['补充公积金'], ['员工旅游'], ['交通补贴'], ['绩效奖金'], ['年终奖金'], ['定期体检']], ['沈阳', '无工作经验', '大专', '招5人', '09-03发布']]"
Java架构师,广州汇智通信技术有限公司,广州,30-40万/年,"[[], ['广州', '5-7年经验', '本科', '招3人', '09-03发布']]"
Java开发工程师,富士康科技集团CNSBG事业群,深圳-南山区,0.9-1.8万/月,"[[['五险一金'], ['补充医疗保险'], ['员工旅游'], ['专业培训'], ['出国机会'], ['年终奖金'], ['股票期权'], ['绩效奖金'], ['定期体检']], ['深圳-南山区', '3-4年经验', '大专', '招10人', '09-03发布']]"
Java开发讲师/助教,武汉尚观信息科技有限公司,武汉-洪山区,0.8-1.2万/月,"[[['五险一金'], ['专业培训'], ['绩效奖金'], ['年终奖金'], ['弹性工作']], ['武汉-洪山区', '无工作经验', '大专', '招2人', '09-03发布']]"
JAVA高级工程师,昂立教育集团,上海,1.5-2万/月,"[[['五险一金'], ['员工旅游'], ['绩效奖金'], ['年终奖金'], ['定期体检'], ['节日福利'], ['生日福利'], ['丰富团建'], ['产品折扣'], ['亲属福利']], ['上海', '5-7年经验', '大专', '招1人', '09-03发布']]"
java安全开发工程师,上海泛微网络科技股份有限公司,上海-闵行区,1.5-2.5万/月,"[[['五险一金'], ['专业培训'], ['定期体检'], ['绩效奖金'], ['员工旅游'], ['年终奖金']], ['上海-闵行区', '2年经验', '本科', '招2人', '09-03发布']]"
Java高级开发工程师,北京江融信科技有限公司,深圳-福田区,2-3万/月,"[[], ['深圳-福田区', '5-7年经验', '本科', '招2人', '09-03发布']]"
java程序员,厦门大大猫网络科技有限公司,厦门,0.5-1万/月,"[[['五险一金'], ['员工旅游'], ['节日福利'], ['全勤奖']], ['厦门', '2年经验', '大专', '招2人', '09-03发布']]"
JAVA软件工程师,青岛大琦中天软件开发有限公司,青岛-即墨区,6-8千/月,"[[['五险一金'], ['餐饮补贴']], ['青岛-即墨区', '2年经验', '大专', '招3人', '09-03发布', '英语', '软件工程', '信息与计算科学']]"
高级JAVA开发工程师,去哪儿网机票事业部,武汉-洪山区,1-1.5万/月,"[[['带薪年假'], ['五险一金'], ['周末双休']], ['武汉-洪山区', '1年经验', '本科', '招3人', '09-03发布']]"
Java架构师,骑酷科技（大连）有限公司,异地招聘,0.8-1.5万/月,"[[['五险一金'], ['补充医疗保险'], ['年终奖金']], ['大连-高新园区', '8-9年经验', '招1人', '09-03发布']]"
Java开发工程师,福建至简智能科技有限公司,福州-台江区,1-1.2万/月,"[[['五险一金'], ['专业培训'], ['年终奖金'], ['弹性工作'], ['绩效奖金'], ['周末双休'], ['节日福利'], ['带薪年假'], ['不加班']], ['福州-台江区', '2年经验', '大专', '招2人', '09-03发布']]"
中高级JAVA开发工程师,东方财富信息股份有限公司,南京,1.5-2万/月,"[[['五险一金'], ['专业培训'], ['年终奖金'], ['季度奖金'], ['周末双休'], ['年度旅游'], ['带薪年假'], ['节日福利'], ['体检']], ['南京', '2年经验', '本科', '招1人', '09-03发布']]"
Java高级讲师及助教,安徽鹏玖科技有限公司,合肥-庐阳区,1-1.5万/月,"[[], ['合肥-庐阳区', '3-4年经验', '大专', '招2人', '09-03发布']]"
Java开发工程师 j2ee开发,赫里奥（苏州）科技有限公司,北京-丰台区,6-8千/月,"[[], ['北京-丰台区', '1年经验', '本科', '招2人', '09-03发布', '计算机科学与技术', '电子信息科学与技术']]"
JAVA软件工程师,中秀科技（无锡）有限公司,无锡-滨湖区,0.8-1万/月,"[[['五险一金'], ['餐饮补贴']], ['无锡-滨湖区', '2年经验', '本科', '招1人', '09-03发布', '计算机科学与技术', '计算机信息管理']]"
高级java工程师,南京鼐威欣信息技术有限公司,南京-江宁区,0.8-1.5万/月,"[[['五险一金'], ['免费班车'], ['交通补贴'], ['餐饮补贴'], ['通讯补贴'], ['专业培训'], ['绩效奖金'], ['年终奖金']], ['南京-江宁区', '5-7年经验', '本科', '招2人', '09-03发布', '计算机科学与技术', '软件工程']]"
JAVA开发实习生,北京三维天地科技有限公司,济南-高新区,3-5千/月,"[[], ['济南-高新区', '无工作经验', '本科', '招若干人', '09-03发布', '计算机科学与技术', '软件工程']]"
高级java后台开发工程师,斯润天朗（北京）科技有限公司,北京-丰台区,1.5-2.5万/月,"[[['五险一金'], ['补充医疗保险'], ['员工旅游'], ['年终奖金'], ['股票期权'], ['定期体检'], ['弹性工作'], ['绩效奖金']], ['北京-丰台区', '无工作经验', '大专', '招3人', '09-03发布']]"
Java高级开发工程师-1,上海高恩信息科技有限公司,上海-浦东新区,1.3-1.8万/月,"[[['五险一金'], ['员工旅游'], ['年终奖金'], ['专业培训'], ['免费班车']], ['上海-浦东新区', '3-4年经验', '本科', '招若干人', '09-03发布', '英语良好', '普通话精通', '计算机科学与技术', '软件工程']]"
JAVA开发,深圳市睿服科技有限公司,深圳-福田区,1-2万/月,"[[['五险一金'], ['补充医疗保险'], ['员工旅游'], ['交通补贴'], ['餐饮补贴'], ['专业培训'], ['绩效奖金'], ['年终奖金'], ['定期体检'], ['员工体检']], ['深圳-福田区', '3-4年经验', '大专', '招10人', '09-03发布']]"
java+AI人工智能/UI设计师,大连中科云信息技术有限公司,沈阳,3.5-5.5千/月,"[[['五险一金'], ['员工旅游'], ['交通补贴'], ['绩效奖金'], ['年终奖金'], ['定期体检']], ['沈阳', '无工作经验', '大专', '招5人', '09-03发布']]"
Java高级开发工程师,上海东家金服投资管理有限公司,上海-黄浦区,1.3-1.8万/月,"[[['五险一金'], ['餐饮补贴'], ['绩效奖金'], ['弹性工作']], ['上海-黄浦区', '3-4年经验', '大专', '招3人', '09-03发布']]"
Java开发工程师,南京能瑞电力科技有限公司,南京,1.3-2万/月,"[[['五险一金'], ['免费班车'], ['年终奖金'], ['专业培训'], ['绩效奖金'], ['项目奖金'], ['免费提供食宿'], ['员工旅游'], ['定期体检']], ['南京', '5-7年经验', '本科', '招2人', '09-03发布']]"
Java开发工程师,武汉麦子科技有限公司,武汉-东湖新技...,0.4-1万/月,"[[['五险一金'], ['绩效奖金'], ['年终奖金'], ['专业培训'], ['补充公积金']], ['武汉-东湖新技术产业开发区', '1年经验', '本科', '招2人', '09-03发布', '计算机科学与技术', '电子信息工程']]"
java软件工程师-初中高级,北京开科唯识技术有限公司,石家庄,0.7-1.2万/月,"[[['五险一金'], ['专业培训'], ['定期体检'], ['员工旅游'], ['餐饮补贴'], ['年度2次调薪'], ['带薪年假'], ['出差探亲假']], ['石家庄', '2年经验', '本科', '招3人', '09-03发布']]"
Java高级开发工程师,北京睿达丰科技有限公司,北京-顺义区,1.2-1.5万/月,"[[['五险一金'], ['专业培训'], ['定期体检']], ['北京-顺义区', '5-7年经验', '大专', '招1人', '09-03发布', '普通话一般']]"
资深网游服务器端开发（JAVA）,南京朗睿软件科技有限公司,南京-建邺区,1.5-2.5万/月,"[[['五险一金'], ['周末双休'], ['定期体检'], ['绩效奖金'], ['年终奖金'], ['餐饮补贴'], ['员工旅游'], ['专业培训']], ['南京-建邺区', '3-4年经验', '大专', '招若干人', '09-03发布']]"
JAVA开发工程师,唯存（上海）网络科技有限公司,上海-黄浦区,1-2.3万/月,"[[['五险一金'], ['免费班车'], ['员工旅游'], ['餐饮补贴'], ['专业培训'], ['定期体检'], ['绩效奖金'], ['年终奖金']], ['上海-黄浦区', '3-4年经验', '招若干人', '09-03发布']]"
